Price,Title
59799,【エイデータ】 PCメモリ DDR5 5600 16GB AD5U560016G-S-I
37380,デスクトップPC用 増設メモリ DDR5 16GB (1x16GB) 6000MHz CL36 デスクトップ用メモリーキット Intel XMP 3.0 対応 【並行輸入品】 CMK5X16G3G60C36A2-CN
36799,Patriot Viper Elite 5 DDR5 RAM 16GB (1X16GB) 6000MT/s CL30 1.35v UDIMM Desktop Gaming Memory - VEB516G6030W
37480,WINTEN デスクトップPC用 メモリ DDR5-5600 16GB 288Pin CL40 1.1V DIMM SDRAM 内蔵メモリー 増設【5年保証 相性保証】WT-LD5600-16GB
38880,TEAMGROUP (旧称 Team) ノートPC用メモリ DDR5 5600MHz 16GB SODIMM PC5-44800 CL46 1.1V JEDEC準拠 ELITEシリーズ【TEAMジャパン 国内正規品・メーカー無期限保証】TED516G5600C46A-S01
49800,Cru cial RAM 16GB DDR5 5600MHz CL46 UDIMM デスクトップメモリ 増設メモリ CT16G 56C46U5 ブラック (16GBx1個)
34899,Patriot Viper Elite 5 DDR5 RAM 16GB (1X16GB) 5600MT/s CL36 1.35v UDIMM Desktop Gaming Memory - VEB516G5636W
34680,WINTEN デスクトップPC用メモリ DDR5-4800 16GB 288Pin CL40 1.1V SODIMM SDRAM 内蔵メモリー 増設メモリー【5年保証・相性保証】WT-LD4800-16GB
42000,CORSAIR DDR5-4800MHz ノートPC用 メモリ VENGEANCE DDR5 16GB [16GB×1枚] SO-DIMM CMSX16GX5M1A4800C40 (PC5-38400)
36236,Samsung 16GB (2x8GB) DDR5 4800MHz PC5-38400 CL40 SODIMM 1Rx16 シングルランク 1.1V 262ピン ノートパソコン、ノートブックRAMメモリ
59799,【エイデータ】 PCメモリ DDR5 5600 16GB AD5U560016G-S-I
40316,MMOMENT DDR5 UDIMM 16GB 5600Mhz (PC5-44800) デスクトップメモリモジュール Ram (CL46、ノンECCアンバッファード、1.1V、288ピン)。
34680,WINTEN ノートPC用メモリ DDR5-4800 16GB 262Pin CL40 1.1V SODIMM SDRAM 内蔵メモリー 増設メモリー【5年保証・相性保証】WT-SD4800-16GB
49800,Cru cial RAM 16GB DDR5 5600MHz CL46 UDIMM デスクトップメモリ 増設メモリ CT16G 56C46U5 ブラック (16GBx1個)
50433,G.SKILL Flare X5シリーズ DDR5 RAM (AMD Expo) 16GB (2x8GB) 5600MT/s CL36-36-36-89 1.20V デスクトップコンピュータメモリ U-DIMM - マットブラック (F5-5600J3636C8GH2-FX5)
45944,A-Tech 16GB DDR5 5200MHz PC5-41600 CL42 SODIMM 1Rx8 シングルランク 1.1V ノンECCバッファード SO-DIMM 262ピン ノートパソコン RAM メモリアップグレードモジュール
37298,Samsung 16GB (8GBX2) DDR5 4800MHz PC5-38400 SODIMM ノートパソコンメモリ RAM (M425R1GB4BB0) OEM
49800,トランセンドジャパン ノートPC用メモリ PC5-38400(DDR5 4800) 16GB 1.1V 262pin SO-DIMM 1Rx8 (2Gx8)x8 CL40 無期限保証 JM4800ASE-16G
46050,WINTEN ノートPC用 メモリ DDR5-4800 16GB（8GB×2枚）262Pin CL40 1.1V SODIMM SDRAM 内蔵メモリー 増設 WT-SD4800-D16GB
47035,Samsung 16GB DDR5 5600MHz PC5-44800 CL46 SODIMM 1Rx8 シングルランク 1.1V 262ピン ノートパソコン、ノートブック RAM メモリ M425R2GA3PB0-CWM
47738,Kingston Technology (キングストンテクノロジー) Fury Impact 16GB 5600MT/s DDR5 CL40 ノートパソコンメモリ シングルモジュール | 低消費電力 | Intel XMP 3.0 | プラグアンドプレイ | KF556S40IB-16 ブラック
42786,ANACOMDA スタンダード UDIMM DDR5 288ピン PC RAM メモリ 5600MHz CL46 16GB デスクトップメモリモデル 台湾製
