Price,Title
59800,【Avus Gear】DDR5 4800MHz 32GB(16GB x2本）UDIMM(デスクトップ)メモリ 3年保証【バルク版】
97680,AGI DDR5-5600MT/s (PC5-44800) 32GB(16GBx2) UDIMM 46-46-46-90 1.1v AGI560016UD238-DT MM10564
97980,シリコンパワー DDR5 32GB (2x16GB) Zenith 6000MHz (PC5-48000) 288-pin CL30 1.35V UDIMM デスクトップPC用メモリ DRAM SP032GXLWU60AFDE Black
79170,Crucial(クルーシャル) PRO (マイクロン製) デスクトップ用メモリ 16GB×2枚 DDR5-6400 オーバークロック CP2K16G64C38U5B 【国内正規代理店品】
59800,【Avus Gear】DDR5 4800MHz 32GB(16GB x2本）UDIMM(デスクトップ)メモリ 3年保証【バルク版】
82000,CORSAIR DDR5-6000MHz デスクトップPC用メモリ VENGEANCE RGB DDR5シリーズ (PC5-48000) Intel XMP メモリキット 32GB ホワイト [16GB×2枚] CMH32GX5M2E6000C36W
77880,TEAMGROUP (旧称 Team) T-CREATE EXPERT DDR5 6000MHz 32GB (16GBx2枚) CL30 PC5-48000 デスクトップ用 メモリ ホワイト Intel XMP3.0 / AMD EXPO 両対応【TEAMジャパン 国内正規品・メーカー無期限保証】CTCWD532G6000HC30DC01
95800,CORSAIR DDR5-6400MHz デスクトップPC用メモリ DOMINATOR PLATINUM RGB DDR5シリーズ (PC5-51200) Intel XMPメモリキット 32GB ブラック [16GB×2枚] CMT32GX5M2B6400C32
73880,TEAMGROUP (旧称 Team) T-FORCE DELTA RGB DDR5 6000MHz 32GB (16GBx2枚) CL38 PC5-48000 デスクトップ用 メモリ ホワイト Intel XMP3.0 / AMD EXPO 両対応【TEAMジャパン 国内正規品・メーカー無期限保証】FF4D532G6000HC38ADC01
115864,KLEVV Urbane V RGB DDR5 32GB (2x16GB) 6000MHz CL30 A-DIE 1.35V ゲーミング デスクトップ RAM メモリ SK Hynix Chip XMP 3.0 / AMD Expo Ready (KD5AGUA80-60A300M)
79980,シリコンパワー DDR5 32GB (2x16GB) 4800MHz (PC5-38400) 288ピン CL40 1.1V UDIMM Non-ECC デスクトップ RAM コンピューター メモリ SP032GBLVU480F22
79980,Biwin DW100 DDR5 6000MT/s (PC5-48000) デスクトップPC用メモリ 32GB（16GB×2枚） CL30 RGBライティング Intel XPM 3.0/AMD EXPO両対応 メモリキット ホワイト
78880,TEAMGROUP (旧称 Team) T-FORCE DELTA RGB DDR5 6000MHz 32GB (16GBx2枚) CL30 PC5-48000 デスクトップ用 メモリ ブラック Intel XMP3.0 / AMD EXPO 両対応【TEAMジャパン 国内正規品・メーカー無期限保証】FF3D532G6000HC30DC01
77880,TEAMGROUP (旧称 Team) T-CREATE EXPERT DDR5 6000MHz 32GB (16GBx2枚) CL30 PC5-48000 デスクトップ用 メモリ ホワイト Intel XMP3.0 / AMD EXPO 両対応【TEAMジャパン 国内正規品・メーカー無期限保証】CTCWD532G6000HC30DC01
95800,CORSAIR DDR5-6400MHz デスクトップPC用メモリ DOMINATOR PLATINUM RGB DDR5シリーズ (PC5-51200) Intel XMPメモリキット 32GB ブラック [16GB×2枚] CMT32GX5M2B6400C32
151289,Kingston ブランドメモリ 32GB DDR5 4800MT/s ECC Reg 2Rx8 モジュール KTD-PE548D8-32G サーバーメモリ
77880,TEAMGROUP (旧称 Team) T-CREATE EXPERT DDR5 6000MHz 32GB (16GBx2枚) CL30 PC5-48000 デスクトップ用 メモリ ホワイト Intel XMP3.0 / AMD EXPO 両対応【TEAMジャパン 国内正規品・メーカー無期限保証】CTCWD532G6000HC30DC01
86985,CORSAIR DDR5-6000MHz デスクトップPC用メモリ VENGEANCE DDR5シリーズ (PC5-48000) AMD EXPO Intel XMPメモリキット 32GB ブラック [16GB×2枚] CMK32GX5M2B6000Z30
119800,【エイデータ】 XPG PCメモリ DDR5 6400MHz LANCER RGB ブラック 16GBX2枚 AX5U6400C3216G-DCLARBK-I
86099,CORSAIR DDR5-6000MHz デスクトップPC用メモリ VENGEANCE RGB DDR5シリーズ (PC5-48000) Intel XMPメモリキット 32GB ブラック [16GB×2枚] CMH32GX5M2E6000C36
78507,CFD販売 デスクトップPC用メモリ グラフェン 銅箔 ヒートシンク DDR5-5600 16GB×2枚 (32GB) 相性保証 288pin シー・エフ・デー販売 CFD Standard W5U5600CS-16GC46F
73880,TEAMGROUP (旧称 Team) T-FORCE DELTA RGB DDR5 6000MHz 32GB (16GBx2枚) CL38 PC5-48000 デスクトップ用 メモリ ホワイト Intel XMP3.0 / AMD EXPO 両対応【TEAMジャパン 国内正規品・メーカー無期限保証】FF4D532G6000HC38ADC01
86846,CORSAIR DDR5-6400MHz デスクトップPC用メモリ VENGEANCE RGB DDR5シリーズ (PC5-51200) Intel XMPメモリキット 32GB ブラック [16GB×2枚] CMH32GX5M2B6400C36
64800,Crucial RAM 32GB DDR5 5600MHz (または5200MHzまたは4800MHz) ノートパソコンメモリ CT32G56C46S5。
75000,CORSAIR DDR5-5600MHz デスクトップPC用メモリ VENGEANCE RGB DDR5シリーズ (PC5-44800) Intel XMPメモリキット 32GB [16GB×2枚] ブラック CMH32GX5M2B5600C40K
69999,AGI UD858 DDR5 6000MHz 32GB(16GB×2枚) デスクトップPC用 メモリ TURBOJET RGBシリーズ CL30 AGI6APC16UD858
23009,32GB DDR5 RAM 5600z デスクトップ メモリースティック
73870,Crucial Pro DDR5 RAM 32GBキット (2x16GB) 6400MHz CL32 オーバークロックデスクトップゲームメモリ Intel XMP 3.0 & AMD Expo対応 ブラック - CP2K16G64C32U5B
75980,シリコンパワー DDR5 32GB キット (16GB x 2) 5600MHz (PC5-44800) CL46 1.1V SODIMM Non-ECCノートパソコン RAM コンピュータメモリ SP032GBSVU560F22
62800,DATO DDR5 SODIMM 32GB 16GB×2 ノートパソコン用メモリモジュール 5600MHz PC5 44800 CL46 1.1V 262ピン ノンECC アンバッファード
64880,TEAMGROUP (旧称 Team) DDR5 6400MHz (PC5-51200) 32GB (16GBx2枚) T-FORCE XTREEMシリーズ Black デスクトップ用メモリ XMP3.0 EXPO対応 準拠 オーバークロックメモリ 日本国内正規保証 FFXD532G6400HC32ADC01
72980,シリコンパワー DDR5 32GB (16GBx2) 4800MHz (PC5-38400) 262ピン CL40 1.1V SODIMM ノートパソコン Non-ECC RAM コンピューターメモリ SP032GBSVU480F22
79800,CORSAIR DDR5-4800MHz ノートPC用 メモリ VENGEANCE DDR5 32GB [32GB×1枚] SO-DIMM CMSX32GX5M1A4800C40 (PC5-38400)
65094,Samsung 32GB DDR5 4800MHz PC5-38400 SODIMM 2Rx8 デュアルランク CL40 1.1v 262pin No-ECCM425R4GA3BB0-CQK ノートパソコン RAM メモリアップグレード
72799,Patriot Viper Venom DDR5 RAM 32GB (1X32GB) 5600MT/s CL36 UDIMM Desktop Gaming Memory Module - PVV532G56C36
75980,シリコンパワー DDR5 32GB キット (16GB x 2) 5600MHz (PC5-44800) CL46 1.1V SODIMM Non-ECCノートパソコン RAM コンピュータメモリ SP032GBSVU560F22
75398,Kingston FURY Impact 32GB (2x16GB) 5600MT/s DDR5 CL40 ノートパソコンメモリーキット 2個入り | 低消費電力 | Intel XMP 3.0 | プラグアンドプレイ | KF556S40IBK2-32
97980,シリコンパワー DDR5 32GB (2x16GB) Zenith 6000MHz (PC5-48000) 288-pin CL30 1.35V UDIMM デスクトップPC用メモリ DRAM SP032GXLWU60AFDG White
87163,CORSAIR DDR5-6000MHz デスクトップPC用メモリ VENGEANCE RGB DDR5シリーズ (Overclock PMIC) Intel XMP メモリキット 32GB ブラック [16GB×2枚] CMH32GX5M2B6000C38
73344,Lexar ARES Gen2 RGB DDR5 RAM 32GB キット (2x16GB) 6000MHz CL30 288ピン UDIMM デスクトップメモリ PCゲーミングコンピュータメモリ Intel XMP 3.0/AMD EXPO/CL30-38-38-76/1.4V用 (LD5U16G60C30BR-RGD)
74545,CORSAIR VENGEANCE DDR5 32GB (2x16GB) 6000MHz CL38 デスクトップPC用メモリーキット – AMD EXPO & Intel XMP 3.0 対応 – グレー CMK32GX5M2B6000Z38
70699,Patriot Viper Xtreme 5 DDR5 RAM 32GB (2X16GB) 6400MT/s CL32 UDIMM Desktop Gaming Memory Kit - PVX532G64C32K
85000,CORSAIR DDR5-6000MHz デスクトップPC用メモリ VENGEANCE RGB DDR5シリーズ (PC5-48000) Intel XMP メモリキット 32GB ブラック [16GB×2枚] CMH32GX5M2B6000C36
76660,デスクトップPC用 増設メモリ DDR5 32GB (1x32GB) 6000MHz CL38 デスクトップ用メモリーキット Intel XMP 3.0 対応 【並行輸入品】 CMK5X32G2B60C38A2-CN
115864,KLEVV Urbane V RGB DDR5 32GB (2x16GB) 6000MHz CL30 A-DIE 1.35V ゲーミング デスクトップ RAM メモリ SK Hynix Chip XMP 3.0 / AMD Expo Ready (KD5AGUA80-60A300M)
