Price,Title
182980,Silicon Power DDR5 64GB (2x32GB) Storm RGB 6000MT/s (PC5-48000) 288ピン CL38 1.35V UDIMM デスクトップメモリモジュール RAM SP064GXLWU60BFDK グレー
94800,CFD販売 デスクトップPC用メモリ DDR5-4800 (PC5-38400) 32GB×2枚 (64GB) 相性保証 無期限保証 Crucial by Micron W5U4800CM-32GS
138800,TEAMGROUP (旧称 Team) T-FORCE DELTA RGB DDR5 6000MHz 64GB (32GBx2枚) CL38 PC5-48000 デスクトップ用 メモリ ホワイト Intel XMP3.0 / AMD EXPO 両対応【TEAMジャパン 国内正規品・メーカー無期限保証】FF4D564G6000HC38ADC01
145980,Biwin DW100 DDR5 6000MT/s (PC5-48000) デスクトップPC用メモリ 64GB（32GB×2枚） CL30 RGBライティング Intel XPM 3.0/AMD EXPO両対応 メモリキット ホワイト
138000,CORSAIR DDR5-4800MHz ノートPC用 メモリ VENGEANCE DDR5 64GB [32GB×2枚] SO-DIMM CMSX64GX5M2A4800C40 (PC5-38400) ブラック
149000,CORSAIR DDR5-6200MHz デスクトップPC用メモリ VENGEANCE DDR5シリーズ Intel XMP メモリ (PC5-49600) 64GB ブラック [32GB×2枚] CMK64GX5M2B6200C32
163163,CORSAIR VENGEANCE RGB DDR5 64GB (2x32GB) 6000MHz CL40 デスクトップ用メモリーキット – AMD EXPO & Intel XMP 3.0 対応 – グレー CMH64GX5M2D6000Z40
194980,シリコンパワー DDR5 64GB (2x32GB) Zenith RGB 6000MHz (PC5-48000) 288-pin CL30 1.35V UDIMM デスクトップPC用メモリ DRAM SP064GXLWU60AFDH White
146980,シリコンパワー DDR5 64GB キット (2 x 32GB) 5600MHz (PC5-44800) CL46 1.1V SODIMM Non-ECCノートパソコン RAM コンピュータメモリ SP064GBSVU560F22
136000,CFD販売 デスクトップPC用メモリ グラフェン 銅箔 ヒートシンク DDR5-5600 32GB×2枚 (64GB) 相性保証 288pin シー・エフ・デー販売 CFD Standard W5U5600CS-32GC46F
142278,キングストン Kingston FURY デスクトップPC用メモリ DDR5 5600MT/秒 32GB×2枚 Kingston FURY Beast ビースト RGB CL40 KF556C40BBAK2-64 RGB LED 製品寿命期間保証
139800,CORSAIR DDR5-5600MHz ノートPC用 VENGEANCE DDR5 SODIMM 64GB [32GB×2枚] CMSX64GX5M2A5600C48
133781,Kingston Technology (キングストンテクノロジー) Fury Impact 64GB (2x32GB) 5600MT/s DDR5 CL40 ノートパソコンメモリーキット 2枚組 | 低消費電力 | Intel XMP 3.0 | プラグアンドプレイ | KF556S40IBK2-64
152583,G.SKILL Flare X5シリーズ DDR5 RAM (AMD Expo) 64GB (2x32GB) 6000MT/s CL30-40-40-96 1.40V デスクトップコンピュータメモリ U-DIMM - マットブラック (F5-6000J3040G32GX2-FX5)
141980,シリコンパワー DDR5 64GB (2x32GB) 4800MHz (PC5-38400) 288ピン CL40 1.1V UDIMM Non-ECC デスクトップ RAM コンピューター メモリ SP064GBLVU480F22
216583,CORSAIR DDR5-5600MHz デスクトップPC用メモリ VENGEANCE RGB DDR5シリーズ (PC5-44800) Intel XMP メモリキット 64GB ホワイト [32GB×2枚] CMH64GX5M2B5600C40W
127939,Crucial(クルーシャル) PRO (マイクロン製) デスクトップ用メモリ 32GBX2枚 DDR5-5600 制限付無期限保証 CP2K32G56C46U5【国内正規代理店品】
152496,G.SKILL Flare X5シリーズ DDR5 RAM (AMD Expo & Intel XMP 3.0) 64GB (2x32GB) 6000MT/s CL36-36-96 1.35V デスクトップコンピュータメモリ U-DIMM - マットホワイト (F5-6000J3636F32GX2-FX5W)
187539,G.SKILL Trident Z5 Neo RGBシリーズ DDR5 RAM (AMD Expo & Intel XMP 3.0) 64GB (2x32GB) 6000MT/s CL36-36-96 1.35V デスクトップコンピュータメモリ U-DIMM - マットブラック (F5-6000J3636F32GX2-TZ5NR)
137100,G.SKILL Ripjaws S5シリーズ DDR5 RAM (Intel XMP 3.0 & AMD Expo) 64GB (2x32GB) 5200MT/s CL40-40-83 1.10V デスクトップコンピュータメモリ U-DIMM - マットブラック (F5-5200J4040A32GX2-RS5K)
138800,TEAMGROUP (旧称 Team) T-FORCE DELTA RGB DDR5 6000MHz 64GB (32GBx2枚) CL38 PC5-48000 デスクトップ用 メモリ ブラック Intel XMP3.0 / AMD EXPO 両対応【TEAMジャパン 国内正規品・メーカー無期限保証】FF3D564G6000HC38ADC01
168000,Crucial 64GB DDR5 6400MHz CSO-DIMM メモリーキット (32GB x 2)。
106619,Timetec 64GB KIT(2x32GB) DDR5 4800MHz PC5-38400 Unbuffered Non-ECC 1.1V CL40 2Rx8 デュアルランク 262ピン SODIMM ノートパソコンメモリ RAMモジュール アップグレード (64GB KIT(2x32GB))
246064,G.SKILL Trident Z5 Royal Neoシリーズ (AMD Expo) DDR5 RAM 64GB (2X 32GB) 6000MT/s CL26-36-96 1.45V デスクトップコンピュータメモリ U-DIMM - シルバー (F5-6000J2636H32GX2-TR5NS)
159980,【高性能 メモリ DDR5】GIGASTONE 32GBx2枚 (64GB Kit) DDR5 4800MHz PC5-38400 CL40-40-40-77 1.1V SODIMM 262 ピン アンバッファード 非 ECC ノートパソコン用 高性能 メモリモジュールアップグレード- ラップトップのみ
191400,AGI DDR5-5600MT/s (PC5-44800) 64GB(32GBx2) UDIMM 46-46-46-90 1.1v AGI560032UD238-DT MM10565
171680,CFD販売 デスクトップPC用メモリ DDR5-5600 (PC5-33600) 32GB×2枚 (64GB) 相性保証 288pin シー・エフ・デー販売 CFD Standard W5U5600CS-32G
161225,G.SKILL Ripjaws S5シリーズ DDR5 RAM(Intel XMP 3.0)64GB(2x32GB)6400MT/s CL32-39-39-102 1.40V デスクトップコンピュータメモリ U-DIMM-マットブラック(F5-6400J3239G32GX2-RS5K)
139602,Lexar ARES Gen2 RGB DDR5 RAM 64GB キット (2x32GB) 6000MHz CL30 288ピン UDIMM デスクトップメモリ PCゲーミングコンピュータメモリ Intel XMP 3.0/AMD EXPO/CL30-38-38-76/1.4V用
