Price,Title
9699,MMOMENT DDR4 8GB 3200Mhz SODIMM ノートPC用メモリ (CL22/1.2V/260ピン)
9999,MMOMENT DDR4 8GB 3200Mhz UDIMM デスクトップPC用メモリ (CL22/1.2V/288ピン)
10480,IODATA DDR4 メモリ デスクトップ用 8GB PC4-3200（DDR4-3200） 288pin DRAM DIMM PC メモリー 日本メーカー DZ3200-C8G/RE
8500,Micron MTA8ATF1G64AZ-2G6E1 8GB DDR4 2666 MT/s (PC4-21300) CL19 SR x8 Unbuffered DIMM 288pin
9800,Samsung DDR4 2666 8GB SAMSUNG Original [SAMSUNG ORIGINAL] サムスン純正 デスクトップ用メモリ PC4-21300 DDR4-2666 288pin CL11 (8GB)
7999,デスクトップPC用メモリ 8GB PC4-25600(DDR4-3200) 288pin DIMM Hanye 1.2V CL22 UD4-08GB-3200-1R8 国内正規代理店品
8500,Micron MTA8ATF1G64AZ-2G6E1 8GB DDR4 2666 MT/s (PC4-21300) CL19 SR x8 Unbuffered DIMM 288pin
9699,MMOMENT DDR4 8GB 3200Mhz SODIMM ノートPC用メモリ (CL22/1.2V/260ピン)
9999,MMOMENT DDR4 8GB 3200Mhz UDIMM デスクトップPC用メモリ (CL22/1.2V/288ピン)
8990,Samsung 8GB DDR4 2666MHz DIMM PC4-21300 288ピン 1Rx8 1.2v UDIMM デスクトップメモリアップグレード M378A1K43CB2-CTD
10480,シリコンパワー ノートPC用メモリ DDR4-2400(PC4-19200) 8GB×1枚 260Pin 1.2V CL17 SP008GBSFU240B02
10980,SP Silicon Powerシリコンパワー デスクトップPC用 メモリ DDR4 3200 PC4-25600 8GB x 1枚 288Pin 1.2V CL22 SP008GBLFU320B02
10280,シー・エフ・デー販売 CFD販売 Panram ノートPC用 メモリ DDR4-2666 (PC4-21300) 8GB×1枚 260pin SO-DIMM 無期限保証 相性保証 D4N2666PS-8G
9250,AGI ノートPC用メモリ DDR4 3200MHz 8GB×1枚(8GB) SO-DIMM CL22 288pin 1.2V AGI320008SD138
20800,ASUSTOR NAS拡張メモリ AS-8GD4｜8GB DDR4 260Pin SODIMM RAM｜AS6508T/AS6510T専用｜3年保証
19800,TS3200HLB-8G [8GB DDR4 3200 Unbuffered Long-DIMM 1Rx8 (1Gx8) CL22 1.2V 288pin]
9980,Crucial デスクトップ用増設メモリ 8GB(8GBx1枚) DDR4 2666MT/s(PC4-21300) CL19 UDIMM 288pin CT8G4DFRA266
9699,MMOMENT DDR4 8GB 3200Mhz SODIMM ノートPC用メモリ (CL22/1.2V/260ピン)
8950,Hynix 8GB DDR4 PC4-25600 3200MHz 288ピン DIMM RAMメモリ。
6916,DDR4 8GB 2400MHz RAM ノートパソコンのメモリ 260 ピン SODIMM RAM メモリ PC4-19200 1.2V ノートパソコンのメモリ コンピュータの RAM メモリ 使いやすい
8900,WINTEN ノートPC用メモリ DDR4-2666 8GB 260Pin CL19 1.2V SODIMM SDRAM 内蔵メモリー 増設メモリー【5年保証・相性保証】WT-SD2666-8GB
11406,Hynix 8 GB pc4 – 19200 ddr4 2400 MHz 288-pin DIMMメモリモジュールMFR P/N hma81gu6afr8 N-uh
7900,Samsung サムスン純正 デスクトップ用 8GB DDR4-2400 (PC4-19200) 288Pin UDIMM non-ECC バルク M378A1K43CB2-CRC
7980,Hynix 8GB PC4-21300 DDR4-26ubia 260-Pin SODIMM 1.2V シングルランクメモリーモジュール HMA81GS6CJR8N-VK
8800,WINTEN デスクトップPC用メモリ DDR4-2666 8GB 288Pin CL19 1.2V DIMM SDRAM 内蔵メモリー 増設メモリー【5年保証・相性保証】WT-LD2666-8GB
7480,デスクトップPC用メモリ 8GB PC4-21300(DDR4-2666) 288pin DIMM Hanye 1.2V CL19 288pin UD4-08GB-2666-1R8 国内正規品
11999,Samsung 8GB DDR4 2133MHz PC4-17000 (PC4-2133P) CL15 UDIMM 2Rx8 デュアルランク 1.2V 非ECC DIMM 288ピン デスクトップPC RAMメモリ
11900,サムスン(SAMSUNG) PC4-19200S (DDR4-2400T) 8GB SO-DIMM 260pin ノートパソコン用メモリ 型番：M471A1K43BB1-CRC
6438,DDR4 8GB 2400MHz RAM ラップトップメモリ 260ピンSODIMM RAMメモリ PC4-19200 1.2V ラップトップメモリ コンピュータのRAMメモリ
9999,MMOMENT DDR4 8GB 3200Mhz UDIMM デスクトップPC用メモリ (CL22/1.2V/288ピン)
11980,SAMSUNG サムスン純正 PC4-25600 DDR4-3200 8GB デスクトップPC用 メモリー 288pin Unbuffered DIMM M378A1G44AB0-CWE
10480,IODATA DDR4 メモリ デスクトップ用 8GB PC4-3200（DDR4-3200） 288pin DRAM DIMM PC メモリー 日本メーカー DZ3200-C8G/RE
10500,サムスン() 8GB DDR4 3200 MHz PC4-25600 1.2V 1Rx16 260-ピン SODIMM ノートパソコン RAM メモリモジュール M471A1G44ABO-CWE
12428,Crucial 8GB シングル DDR4 2400 MT/s (PC4-19200) DR x8 SODIMM 260ピンメモリ - CT8G4SFD824A
8680,Hynix SK HYNIX 8GB 1RX8 DDR4 SO-DIMM PC4-21300 2666MHZ メモリーモジュール HMA81GS6JJR8N-VK
7653,SK Hynix 8GB キット (2 x 4GB) DDR4 3200MHz PC4-25600 1.2V 1R x 16 SODIMM ノートパソコン RAM メモリモジュール HMA854S6CJR6N-XN OEMパッケージ
10900,サムスン ORIGINAL サムスン純正 PC4-25600 DDR4-3200 8GB ノートPC用 260pin Unbuffered SO-DIMM M471A1K43DB1-CWE
13980,Crucial デスクトップPC用メモリ PC4-25600(DDR4-3200) 8GB DIMM CT8G4DFS632A [並行輸入品]
