Price,Title
15640,OWC 128GB (2x64GB) DDR4 3200 PC4-25600 CL22 2Rx4 288ピン 1.2V ECC Registered DIMM Memory RAM モジュール アップグレードキット ThinkSystem SR645 Epyc SR665 Epyc対応
117641,G.SKILL RipjawsVシリーズ DDR4 RAM (XMP) 128GB (4x32GB) 3600MT/s CL18-22-22-42 1.35V Intel AMD デスクトップコンピュータメモリ U-DIMM - ブラック (F4-3600C18Q-128GVK)
40384,NEMIX RAM 128GB (2X64GB) DDR4-2400 PC4-19200 ECC RDIMM レジスタードサーバーメモリアップグレード Dell PowerEdge FC830サーバー用
195250,CORSAIR DDR4-3200MHz デスクトップPC用 メモリ VENGEANCE RGB PRO SLシリーズ 128GB [32GB×4枚] CMH128GX4M4E3200C16 (PC4-25600)
55240,NEMIX RAM 128GB (2x64GB) DDR4-3200 PC4-25600 ECC RDIMM レジスタードサーバーメモリアップグレード Dell PowerEdge R6525ラックサーバー用
160937,Samsung 128GB DDR4 2933MHz PC4-23400 ECC RDIMM 4Rx4 (2S2Rx4) クアッドランク 1.2V レジスタード DIMM 288ピン サーバー RAM メモリ M393AAG40M3B-CYF 1モジュール
160937,Samsung 128GB DDR4 2933MHz PC4-23400 ECC RDIMM 4Rx4 (2S2Rx4) クアッドランク 1.2V レジスタード DIMM 288ピン サーバー RAM メモリ M393AAG40M3B-CYF 1モジュール
90548,v-Color 128GB(64GBx2) 3200MHz DDR4 ECC R-DIMM 4Gx4 2Rx4 ECC Registered DIMM ハイニックスIC使用 デュアルランク サーバー/ワークステーション/データセンターメモリ用 (TR464G32D422K)
184549,NEMIX RAM 128GB (4X32GB) DDR4 3200MHZ PC4-25600 2Rx8 1.2V CL22 288ピン 非ECCバッファなし UDIMM デスクトップPCメモリキット
70743,A-Tech 128GB (4x32GB) DDR4 3200MHz UDIMM PC4-25600 (PC4-3200AA) CL22 DIMM 2Rx8 ノンECC デスクトップ RAM メモリモジュール
151633,NEMIX RAM 128GB (2X64GB) DDR4 2666MHZ PC4-21300 4Rx4 1.2V CL19 288ピン ECC LRDIMM 負荷低減サーバーメモリーキット
285725,Micron 128GB DDR4 SDRAM メモリモジュール - 128GB - DDR4-2933/PC4-23400 DDR4 SDRAM - CL24 - ECC - 288ピン - LRDIMM
61400,OWC 128GB (4x32GB) DDR4 2933MHZ PC3-23400 CL21 2RX8 ノンECC UDIMM 1.2V 288ピン デスクトップメモリ RAM PC用アップグレード
51310,NEMIX RAM 128GB (4X32GB) DDR4 2933MHZ PC4-23400 2Rx4 1.2V CL21 288ピン ECC RDIMM 登録サーバーメモリーキット
140328,A-Tech 128GB キット (2x64GB) DDR4 2400MHz PC4-19200 ECC LRDIMM 4Rx4 (4DRx4) クアッドランク 1.2V 負荷軽減 DIMM 288ピン サーバー RAM メモリアップグレードモジュール (A-Tech Enterpriseシリーズ)
176435,NEMIX RAM 128GB (2X64GB) DDR4-3200 PC4-25600 ECC RDIMM レジスタードサーバー メモリアップグレード Dell PowerEdge R7525 ラックサーバー用
174761,OWC 128GB (1X128GB) DDR4 3200MHZ PC4-25600 4Rx4 1.2V CL22 288-PIN ECC RDIMM サーバー、ワークステーション、NASシステムに対応
53714,NEMIX RAM 128GB (4X32GB) DDR4 2666MHZ PC4-21300 2Rx4 1.2V 288ピン ECC RDIMM 登録サーバーメモリーキット Dell PowerEdge T440 Tower対応
55894,128GB (4X32GB) DDR4 2933MHZ PC4-23400 UDIMM 2Rx8 1.2V CL21 288ピン ノンECCバッファードデスクトップPCコンピュータメモリキット
71314,NEMIX RAM NEMIX RAM 128GB 4x32GB DDR4-2666 PC4-21300 2Rx8 ECC Unbufferedメモリ
80316,NEMIX RAM 128GB (4X32GB) DDR4 3200MHZ PC4-25600 ECC UDIMM DELL PowerEdge T150サーバー対応
134893,HyperX Predator RGB 128GB 3000MHz DDR4 CL16 DIMM XMP (4個セット) HX430C16PB3AK4/128
70543,A-Tech 128GB (4x32GB) DDR4 2666 MHz UDIMM PC4-21300 (PC4-2666V) CL19 DIMM 2Rx8 非ECC デスクトップ RAM メモリモジュール
84266,Micron MTA72ASS16G72LZ-3G2B3 128GB (16Gb) DDR4-3200 8RX4 3DS 4H TSV ECC LRDIMM メモリ
62557,NEMIX RAM 128GB (8X16GB) DDR4-2400 PC4-19200 ECC RDIMM レジスタードサーバーメモリアップグレード Dell PowerEdge FC430サーバー用
