Price,Title
42980,シリコンパワー デスクトップPC用 メモリ DDR4 3200 PC4-25600 32GB x 1枚 288Pin 1.2V CL22 SP032GBLFU320X02
42980,シリコンパワー デスクトップPC用 メモリ DDR4 3200 PC4-25600 32GB x 1枚 288Pin 1.2V CL22 SP032GBLFU320F02
49999,AGI UD138 32GB DDR4 UDIMM 3200MHz デスクトップ用メモリ CL22 1.2V 288pin
38000,CORSAIR DDR4-3200MHz デスクトップPC用 メモリ VENGEANCE LPX シリーズ 32GB [16GB×2枚] CMK32GX4M2E3200C16
36000,シー・エフ・デー販売 CFD販売 CFD Standard デスクトップ用 メモリ DDR4 3200 (PC4-25600) 16GB×2枚 288pin DIMM 相性保証 W4U3200CS-16G
43659,Crucial(クルーシャル) PRO (マイクロン製) デスクトップ用メモリ 16GBX2枚 DDR4-3200 メーカー制限付無期限保証CP2K16G4DFRA32A【国内正規代理店品】
42980,シリコンパワー デスクトップPC用 メモリ DDR4 3200 PC4-25600 32GB x 1枚 288Pin 1.2V CL22 SP032GBLFU320X02
47600,iMac 2020 / 2019 Mac mini 2018 対応増設メモリー DDR4 2666 PC4-21300 SO-DIMM (32GB(2x16GB))
32999,Patriot Memory Viper Elite II DDR4 2666MHz 32GB (16GB x 2枚) デスクトップ用メモリ - PVE2432G266C6K
38800,CORSAIR DDR4-32GB 3200MHz CL16 デスクトップPC用メモリ VENGEANCE RGB RS 32GB [16GB×2枚] CMG32GX4M2E3200C16
30980,Netac DDR4 3200MHz(PC4-25600) 32GB（16GBx2枚） デスクトップPC用メモリ XMP 2.0対応 288pin 1.35V 無期限保証 黑色 アルミニウム合金
33480,KingSpec メモリ DDR4 RAM 3200MHz PC4-25600 16GB x 2枚 (32GB) 288Pin 1.35V デスクトップPC用
38880,TEAMGROUP (旧称 Team) ELITE PLUS DDR4 3200MHz 32GB (16GBx2枚) PC4-25600 CL22 1.2V JEDEC準拠 デスクトップ用 メモリ【TEAMジャパン 国内正規品・メーカー無期限保証】TPRD432G3200HC22DC01
39980,シリコンパワー デスクトップPC用 メモリ DDR4 3200 PC4-25600 16GB x 2枚 (32GB) 288Pin 1.2V CL22 SP032GBLFU320F22
47600,"iRam (アイラム) iMac (Retina 5K, 27-inch, 2017) 増設メモリー PC4-19200 (DDR4-2400MHz) SO.DIMM (32GB (2×16GB))"
22943,XPG DDR4 D60G RGB 32GB (2x16GB) 3200MHz PC4-25600 CL16-20-20 U-DIMM 288ピン デスクトップメモリーキット グレー (AX4U320016G16A-DT60)
41980,シリコンパワー ノートPC用メモリ DDR4-3200 (PC4-25600) 16GB×2枚 (32GB) 260Pin 1.2V CL22 SP032GBSFU320F22
33800,DATO DDR4 デスクトップ用メモリ 32GB 3200MHz PC4 25600 CL22 1.2V 288ピン ノンECC アンバッファード UDIMM
38800,TEAMGROUP (旧称 Team) ノートPC用メモリ DDR4 3200MHz 32GB (16GBx2枚) SODIMM PC4-25600 CL22 1.2V JEDEC準拠【TEAMジャパン 国内正規品・メーカー無期限保証】TED432G3200C22DC-S01
45000,CORSAIR DDR4-3600MHz デスクトップPC用 メモリ VENGEANCE RGB PRO SLシリーズ 32GB [16GB×2枚] CMH32GX4M2D3600C18W (PC4-28800) ホワイト
39980,シリコンパワー デスクトップPC用 メモリ DDR4 3200 PC4-25600 16GB x 2枚 (32GB) 288Pin 1.2V CL22 SP032GBLFU320F22
39118,Acer プレデター ヴェスタ ゲーミングRAM 32GB（16GB×2）3200MHz DDR4 CL14 1.35V デスクトップ LED コンピュータメモリキット - BL.9BWWR.298 32GB（16GB×2）3200 MHz RGB
42980,シリコンパワー ノートPC用メモリ DDR4-3200(PC4-25600) 32GB×1枚 260Pin 1.2V CL22 SP032GBSFU320F02
33000,DATO デスクトップ PC用メモリ DDR4 3200MHz 32GB 16GBx2枚 PC4-25600 CL22 1.2V 228ピン 非ECC UDIMM デスクトップ RAM メモリモジュールメーカー 3年保証 台湾製
41980,シリコンパワー ノートPC用メモリ DDR4-3200 (PC4-25600) 16GB×2枚 (32GB) 260Pin 1.2V CL22 SP032GBSFU320F22
44980,【メモリ DDR4】GIGASTONE 16GBx2枚 (32GB Kit) DDR4 2666MHz (2400MHz or 2133MHz) PC4-21300 (PC4-19200/17000) CL19 1.2V UDIMM 288 ピン アンバッファー 非 ECC PC デスクトップ専用 メモリモジュール アップグレード
44000,Corsair DDR4-3200MHz デスクトップPC用 メモリ VENGANCE RGBシリーズ 32GB [16GB×2枚] ホワイトCMW32GX4M2E3200C16W
39980,シリコンパワー ノートPC用メモリ DDR4-3200 (PC4-25600) 16GB×2枚 (32GB) 260Pin 1.2V CL22 SP032GBSFU320X22
23316,Axiom AB120719-AX 32GB DDR4 3200MHz UDIMM メモリモジュール Dell用
42499,Patriot Memory パトリオットメモリ Viper Steel RGB DDR4 3200MHz PC4-25600 32GB (16GBx2枚) デュアルキット デスクトップ用メモリ PVSR432G320C8K
42560,WINTEN デスクトップPC用メモリ DDR4-3200 32GB 288Pin CL22 1.2V DIMM SDRAM 内蔵メモリー 増設メモリー【5年保証・相性保証】WT-LD3200-32GB
33280,Timetec 32GB Kit (2x16GB) ノートPC用メモリ DDR4 2400MHz PC4-19200 2Rx8 (Dual Rank) 260 Pin SODIMM Non-ECC Unbuffered 1.2V CL17 RAM
39800,JAZER棘蛇 DDR4 32GB 3200MHz メモリ16GB×2枚 CL16 (SK Hynix A-die Chip) PC4-28800 メモリーモジュール デスクトップ用 1.35V UDIMM 288Pin RAM AMD/Intel XMP 2.0
26463,キングストン Kingston FURY デスクトップPC用メモリ DDR4 2666MT/秒 32GB×1枚 Kingston FURY Beast ビースト RGB CL16 KF426C16BBA/32 製品寿命期間保証
41800,Samsung 32GB (2x16GB) DDR4 2666MHz PC4-21300 (PC4-2666V) CL19 SODIMM 2Rx8 デュアルランク 1.2V 260ピン ノートパソコン、ノートブックRAMメモリ
34180,Timetec Premium 32GB KIT(2x16GB) ノートPC用メモリ DDR4 2666MHz PC4-21300 Non-ECC Unbuffered CL19 2Rx8 Dual Rank 260 Pin SODIMM
34180,"DATO ノートPC用メモリ DDR4 3200MHz 32GB 16GBx2枚 PC4-2500 CL22 SODIMM 1.2V 260ピン 非ECC SODIMM, ノートパソコンRAM メモリモジュールメーカー 3年保証 台湾製"
39380,Timetec Premium 16GB x 2枚 (32GB) ノートPC用メモリ DDR4 3200MHz (2933MHzまたは2666MHz) PC4-25600 1.2V CL22 2Rx8 260 Pin SODIMM
43250,Crucial デスクトップ用増設メモリ 32GB(16GBx2枚) DDR4 2666MT/s(PC4-21300) CL19 UDIMM 288pin CT2K16G4DFRA266
22604,NEMIX RAM NEMIX RAM 32GB DDR4-2666 PC4-21300 2Rx8 ECC Unbufferedメモリ
45980,【メモリ ノートパソコン専用 DDR4】GIGASTONE 16GBx2枚 (32GB Kit) DDR4 2666MHz (2400MHz または 2133MHz) PC4-21300 (PC4-19200/17000) CL19 1.2V SODIMM 260ピン アンバッファー 非ECC ノートパソコンメモリモジュールアップグレード
47567,G.SKILL トライデントZ RGBシリーズ DDR4 RAM (XMP) 32GB (2x16GB) 4000MT/s CL18-22-22-42 1.40V デスクトップコンピュータメモリ U-DIMM (F4-4000C18D-32GTZR)
39800,CORSAIR DDR4-3200MHz デスクトップPC用 メモリ VENGEANCE RGB PRO SLシリーズ 32GB [16GB×2枚] CMH32GX4M2E3200C16W (PC4-25600)ホワイト
44207,Crucial ノートPC用増設メモリ 32GB(32GBx1枚) DDR4 3200MT/s(PC4-25600) CL22 SODIMM 260pin CT32G4SFD832A
