Price,Title
165799,Crucial(クルーシャル) PRO (マイクロン製) デスクトップ用メモリ 48GBX2枚 DDR5-5600 制限付無期限保証 CP2K48G56C46U5【国内正規代理店品】
209835,G.SKILL Trident Z5 Neo RGBシリーズ DDR5 RAM (AMD Expo) 96GB (2x48GB) 6000MT/s CL28-36-36-96 1.35V デスクトップコンピュータメモリ U-DIMM - マットブラック (F5-6000J2836F48GX2-TZ5NR)
209846,G.SKILL Trident Z5 Royal Neoシリーズ (AMD Expo) DDR5 RAM 96GB (2X 48GB) 6000MT/s CL30-36-36-96 1.35V デスクトップコンピュータメモリ U-DIMM - シルバー (F5-6000J3036F48GX2-TR5NS)
224524,G.SKILL Trident Z5 Neo RGBシリーズ (AMD Expo) DDR5 RAM 96GB (2X 48GB) 6000MT/s CL26-36-96 1.45V デスクトップコンピュータメモリ U-DIMM - ブラック (F5-6000J2636H48GX2-TZ5NR)
198391,CORSAIR Vengeance DDR5 RAM 96GB (2x48GB) 6400MHz CL32 Intel XMP iCUE 互換コンピュータメモリ - ブラック (CMK96GX5M2B6400C32)
195466,G.SKILL Ripjaws DDR5 SO-DIMM シリーズ DDR5 RAM 96GB (2x48GB) 5600MT/s CL46-45-45-89 1.10V アンバッファード ノンECCノートブック/ノートパソコンメモリ SO-DIMM (F5-5600S4645A48GX2-RS)
216634,G.SKILL Trident Z5 Royal Neoシリーズ (AMD Expo) DDR5 RAM 96GB (2X 48GB) 6000MT/s CL28-36-36-96 1.35V デスクトップコンピュータメモリ U-DIMM (ゴールド)
171109,G.SKILL Ripjaws M5 RGBシリーズ (Intel XMP 3.0) DDR5 RAM 96GB (2x48GB) 5600MT/s CL40-40-40-89 1.25V デスクトップコンピュータメモリ UDIMM - マットホワイト (F5-5600J4040D48GX2-RM5RW)
198362,A-Tech 96GB キット (2x48GB) DDR5 5600MHz PC5-44800 CL46 SODIMM 2Rx8 デュアルランク 1.1V ノンECCアンバッファード SO-DIMM 262ピン ノートパソコン コンピューター RAM メモリアップグレードモジュール
204232,TEAMGROUP T-Create Expert オーバークロック 10L CL32 DDR5 96GB キット (2 x 48GB) 6400MHz (PC5-51200) M-DIE Intel XMP 3.0 & AMD Expo対応 デスクトップメモリモジュール RAM ホワイト - CTCWD596G6400HC32ADC01
244703,G.SKILL Trident Z5 RGBシリーズ DDR5 RAM (Intel XMP 3.0) 96GB (2x48GB) 6800MT/s CL34-46-46-108 1.35V デスクトップコンピュータメモリ U-DIMM - マットブラック (F5-6800J3446F48GX2-TZ5RK)
254355,G.SKILL Flare X5シリーズ DDR5 RAM (AMD Expo & Intel XMP 3.0) 96GB (2x48GB) 6000MT/s CL30-36-36-96 1.35V デスクトップコンピュータメモリ U-DIMM - マットブラック (F5-6000J3036F48GX2-FX5)
277887,Patriot Memory Viper Elite 5 RGB DDR5 RAM 96GB (2X48GB) 6000MT/s CL42 1.35v UDIMM デスクトップゲーミングメモリキット Intel XMP/AMD Expo対応 - PVER596G60C42KW
230513,A-Tech 96GB キット (2x48GB) RAM HP Envy 16 16-h1047nr 16t-h1000 ノートパソコン用 | DDR5 5600MHz PC5-44800 SODIMM 2Rx8 1.1V 262ピン ノンECC SO-DIMM メモリアップグレード
