Price,Title
159980,【高性能 メモリ DDR5】GIGASTONE 32GBx2枚 (64GB Kit) DDR5 4800MHz PC5-38400 CL40-40-40-77 1.1V SODIMM 262 ピン アンバッファード 非 ECC ノートパソコン用 高性能 メモリモジュールアップグレード- ラップトップのみ
163999,【エイデータ】 PCメモリ DDR5 4800MHz U-DIMM 32GBx2枚 AD5U480032G-DT-I
87800,CFD販売 デスクトップPC用メモリ DDR5-4800 (PC5-38400) 32GB×2枚 (64GB) 相性保証 無期限保証 Crucial by Micron W5U4800CM-32GS
105800,CORSAIR DDR5-6000MHz デスクトップPC用メモリ VENGEANCE DDR5シリーズ (PC5-48000) AMD EXPOメモリキット 64GB ブラック [32GB×2枚] CMK64GX5M2B6000Z30
145980,Biwin DW100 DDR5 6000MT/s (PC5-48000) デスクトップPC用メモリ 64GB（32GB×2枚） CL30 RGBライティング Intel XPM 3.0/AMD EXPO両対応 メモリキット ホワイト
138800,TEAMGROUP (旧称 Team) T-FORCE DELTA RGB DDR5 6000MHz 64GB (32GBx2枚) CL38 PC5-48000 デスクトップ用 メモリ ホワイト Intel XMP3.0 / AMD EXPO 両対応【TEAMジャパン 国内正規品・メーカー無期限保証】FF4D564G6000HC38ADC01
144490,CORSAIR DDR5-4800MHz ノートPC用 メモリ VENGEANCE DDR5 64GB [32GB×2枚] SO-DIMM CMSX64GX5M2A4800C40 (PC5-38400) ブラック
149000,CORSAIR DDR5-6200MHz デスクトップPC用メモリ VENGEANCE DDR5シリーズ Intel XMP メモリ (PC5-49600) 64GB ブラック [32GB×2枚] CMK64GX5M2B6200C32
194980,シリコンパワー DDR5 64GB (2x32GB) Zenith RGB 6000MHz (PC5-48000) 288-pin CL30 1.35V UDIMM デスクトップPC用メモリ DRAM SP064GXLWU60AFDH White
182980,Silicon Power DDR5 64GB (2x32GB) Storm RGB 6000MT/s (PC5-48000) 288ピン CL38 1.35V UDIMM デスクトップメモリモジュール RAM SP064GXLWU60BFDK グレー
163163,CORSAIR VENGEANCE RGB DDR5 64GB (2x32GB) 6000MHz CL40 デスクトップ用メモリーキット – AMD EXPO & Intel XMP 3.0 対応 – グレー CMH64GX5M2D6000Z40
139800,CORSAIR DDR5-5600MHz ノートPC用 VENGEANCE DDR5 SODIMM 64GB [32GB×2枚] CMSX64GX5M2A5600C48
136000,CFD販売 デスクトップPC用メモリ グラフェン 銅箔 ヒートシンク DDR5-5600 32GB×2枚 (64GB) 相性保証 288pin シー・エフ・デー販売 CFD Standard W5U5600CS-32GC46F
125885,Kingston Technology (キングストンテクノロジー) Fury Impact 64GB (2x32GB) 5600MT/s DDR5 CL40 ノートパソコンメモリーキット 2枚組 | 低消費電力 | Intel XMP 3.0 | プラグアンドプレイ | KF556S40IBK2-64
180399,Patriot Viper Elite 5 DDR5 RAM 64GB (2X32GB) 6000MT/s CL30 1.35v UDIMM Desktop Gaming Memory Kit - VEB564G6030KW
168999,Patriot Viper Venom DDR5 RAM 64GB (2X32GB) 6000MT/s CL30 UDIMM Desktop Gaming Memory Kit - PVV564G600C30K
146980,シリコンパワー DDR5 64GB キット (2 x 32GB) 5600MHz (PC5-44800) CL46 1.1V SODIMM Non-ECCノートパソコン RAM コンピュータメモリ SP064GBSVU560F22
143190,キングストン Kingston FURY デスクトップPC用メモリ DDR5 5600MT/秒 32GB×2枚 Kingston FURY Beast ビースト RGB CL40 KF556C40BBAK2-64 RGB LED 製品寿命期間保証
141980,シリコンパワー DDR5 64GB (2x32GB) 4800MHz (PC5-38400) 288ピン CL40 1.1V UDIMM Non-ECC デスクトップ RAM コンピューター メモリ SP064GBLVU480F22
134980,シリコンパワー DDR5 64GB (32GBx2) 4800MHz (PC5-38400) 262ピン CL40 1.1V SODIMM ノートパソコン Non-ECC RAM コンピューターメモリ SP064GBSVU480F22
152583,G.SKILL Flare X5シリーズ DDR5 RAM (AMD Expo) 64GB (2x32GB) 6000MT/s CL30-40-40-96 1.40V デスクトップコンピュータメモリ U-DIMM - マットブラック (F5-6000J3040G32GX2-FX5)
137100,G.SKILL Ripjaws S5シリーズ DDR5 RAM (Intel XMP 3.0 & AMD Expo) 64GB (2x32GB) 5200MT/s CL40-40-83 1.10V デスクトップコンピュータメモリ U-DIMM - マットブラック (F5-5200J4040A32GX2-RS5K)
104052,Timetec 64GB KIT(2x32GB) DDR5 4800MHz PC5-38400 Unbuffered Non-ECC 1.1V CL40 2Rx8 デュアルランク 262ピン SODIMM ノートパソコンメモリ RAMモジュール アップグレード (64GB KIT(2x32GB))
127939,Crucial(クルーシャル) PRO (マイクロン製) デスクトップ用メモリ 32GBX2枚 DDR5-5600 制限付無期限保証 CP2K32G56C46U5【国内正規代理店品】
152496,G.SKILL Flare X5シリーズ DDR5 RAM (AMD Expo & Intel XMP 3.0) 64GB (2x32GB) 6000MT/s CL36-36-96 1.35V デスクトップコンピュータメモリ U-DIMM - マットホワイト (F5-6000J3636F32GX2-FX5W)
138800,TEAMGROUP (旧称 Team) T-FORCE DELTA RGB DDR5 6000MHz 64GB (32GBx2枚) CL38 PC5-48000 デスクトップ用 メモリ ブラック Intel XMP3.0 / AMD EXPO 両対応【TEAMジャパン 国内正規品・メーカー無期限保証】FF3D564G6000HC38ADC01
168000,Crucial 64GB DDR5 6400MHz CSO-DIMM メモリーキット (32GB x 2)。
245960,CORSAIR DDR5-6000MHz デスクトップPC用メモリ DOMINATOR TITANIUM DDR5シリーズ (PC5-48000) AMD EXPOメモリキット 64GB グレー [32GB×2枚] CL30 CMP64GX5M2B6000Z30
137863,Lexar ARES Gen2 RGB DDR5 RAM 64GB キット (2x32GB) 6000MHz CL30 288ピン UDIMM デスクトップメモリ PCゲーミングコンピュータメモリ Intel XMP 3.0/AMD EXPO/CL30-38-38-76/1.4V用
150930,WINTEN デスクトップPC用 メモリ DDR5-5600 64GB（32GB×2枚） 288Pin CL46 1.1V DIMM SDRAM 内蔵メモリー 増設【5年保証 相性保証】WT-LD5600-D64GB
187559,G.SKILL Trident Z5 Neo RGBシリーズ DDR5 RAM (AMD Expo & Intel XMP 3.0) 64GB (2x32GB) 6000MT/s CL36-36-96 1.35V デスクトップコンピュータメモリ U-DIMM - マットブラック (F5-6000J3636F32GX2-TZ5NR)
159980,【高性能 メモリ DDR5】GIGASTONE 32GBx2枚 (64GB Kit) DDR5 4800MHz PC5-38400 CL40-40-40-77 1.1V SODIMM 262 ピン アンバッファード 非 ECC ノートパソコン用 高性能 メモリモジュールアップグレード- ラップトップのみ
162933,G.SKILL Ripjaws M5 RGBシリーズ (Intel XMP 3.0) DDR5 RAM 64GB (2x32GB) 6000MT/s CL30-40-40-96 1.40V デスクトップコンピュータメモリ UDIMM - マットブラック (F5-6000J3040G32GX2-RM5RK)
183221,G.SKILL Trident Z5 Neo RGBシリーズ DDR5 RAM (AMD Expo) 64GB (2x32GB) 6000MT/s CL30-36-36-96 1.40V デスクトップコンピュータメモリ U-DIMM - マットホワイト (F5-6000J3036G32GX2-TZ5NRW)
244012,G.SKILL Trident Z5 Royal Neoシリーズ (AMD Expo) DDR5 RAM 64GB (2X 32GB) 6000MT/s CL26-36-96 1.45V デスクトップコンピュータメモリ U-DIMM - シルバー (F5-6000J2636H32GX2-TR5NS)
139800,CORSAIR DDR5-5600MHz ノートPC用 VENGEANCE DDR5 SODIMM 64GB [32GB×2枚] CMSX64GX5M2A5600C48
