Price,Title
3500,Hynix DDR4 2666Mhz PC4-21300 CL19 1 2V デスクトップ メモリ モジュール 4GB
3980,シー・エフ・デー販売 CFD販売 ノートPC用メモリ PC4-17000(DDR4-2133) 4GB×1枚 260pin DIMM (無期限保証)(Panramシリーズ) D4N2133PS-4G
3380,[SAMSUNG ORIGINAL] サムスン純正 PC4-19200 DDR4-2400 4GB (512Mx16) 260pin SO-DIMM ノート用メモリ バルク品
3500,Hynix DDR4 2666Mhz PC4-21300 CL19 1 2V デスクトップ メモリ モジュール 4GB
3760,SAMSUNG ORIGINAL サムスン純正 PC4-21300 DDR4-2666 4GB (512Mx16) デスクトップPC用 288pin Unbuffered DIMM M378A5244CB0-CTD バルク品
3780,SK hynix HMA851S6CJR6N - VK 非ECC PC4-2666V DDR4 at 2666MHz 260ピン SDRAM SODIMM シングル キット ラップトップ メモリ - OEM 4GB
3980,シー・エフ・デー販売 CFD販売 ノートPC用メモリ PC4-17000(DDR4-2133) 4GB×1枚 260pin DIMM (無期限保証)(Panramシリーズ) D4N2133PS-4G
3480,SK Hynix 4GB DDR4 2666MHz SODIMM メモリモジュール
5660,WINTEN デスクトップPC用メモリ DDR4-2400 4GB 288Pin CL17 1.2V DIMM SDRAM 内蔵メモリー 増設メモリー【5年保証・相性保証】WT-LD2400-4GB
3990,エレコム DDR4-2133/260pin S.O.DIMM/PC4-17000/4GB
3580,Samsung 4GB DDR4 2666MHz PC4-21300 (PC4-2666V) CL19 SODIMM 1Rx16 シングルランク 1.2V 260ピン ノートパソコン、ノートブック RAMメモリ
6951,2X DDR4 RAM メモリ 4GB 2133Mhz デスクトップメモリ 288ピン DIMM RAM PC4 17000 RAM メモリ デスクトップ用
4261,Micron メモリ モジュール DDR4 UDIMM (MTA4ATF51264AZ-2G6E1) 4GB
5660,WINTEN ノートPC用メモリ DDR4-2400 4GB 260Pin CL17 1.2V SODIMM SDRAM 内蔵メモリー 増設メモリー【5年保証・相性保証】WT-SD2400-4GB
4480,SK Hynix 4GB DDR4 3200MHz PC4-25600 1.2V 1R x 16 SODIMM ノートパソコン RAM メモリモジュール HMA851S6CJR6N-XN OEMパッケージ
7050,WINTEN ノートPC用メモリ DDR4-2666 4GB 260Pin CL19 1.2V SODIMM SDRAM 内蔵メモリー 増設メモリー【5年保証・相性保証】WT-SD2666-4GB
6348,MICRON 4GB DDR4 3200MHz PC4-25600 1.2V 1R x 16 SODIMM ノートパソコン RAM メモリモジュール MTA4ATF51264HZ-3G2J1 OEMパッケージ
6150,Crucial デスクトップ用増設メモリ 4GB(4GBx1枚) DDR4 2400MT/s(PC4-19200) CL17 UDIMM 288pin CT4G4DFS824A
3899,SAMSUNG PC4-19200 (DDR4-2400) 4GB SO-DIMM 288pin ノートパソコン用メモリ 動作保証品
3980,CFD販売 Panram デスクトップPC用 メモリ DDR4-2400 (PC4-19200) 4GB×1枚 288pin DIMM 無期限保証 相性保証 D4U2400PS-4GC17
6949,Patriot Memory DDR4 2666MHz PC4-21300 4GB SODIMM ノートパソコン用メモリ PSD44G266681S
9999,Crucial ノートPC用増設メモリ 4GB(4GBx1枚) DDR4 2400MT/s(PC4-19200) CL17 SODIMM 260pin CT4G4SFS824A
6144,Samsung 4GB DDR4 2666MHZ PC4-21300 288ピン DIMM CL 19 メモリモジュール M378A5244CB0-CTD デスクトップ RAM
3250,FMS M471A5244CB0-CTD 交換用 サムスン 4gb Pc4-21300 Ddr4-2666mhz So-Dimm メモリー
4000,Micron MTA4ATF51264HZ-2G6E1 非ECC PC4-2666V 4GB DDR4 26Gbit/、260pin SDRAM SODIMM シングルキット ラップトップメモリー - OEM
7285,Micron マイクロン PC4-19200U (DDR4-2400) 4GB 1Rx16 PC4-2400T-UC0-11 DIMM 288pin デスクトップパソコン用メモリ 型番：MTA4ATF51264AZ-2G3B1 片面実装 (1Rx16)
5280,Timetec DDR4-2666 4GB Synology D4NESO-2666-4G Non-ECC Unbuffered SODIMM (RS820RP+、RS820+、DS920+、DS720+、DS420+、DS220+、DS2419+、DS2419+II、DS1819+、DVA3219、DS1618+ 対応)
6144,サムスン PC4 DDR4-2400T 4GB ノートPC用メモリ 260pin SO-DIMM M471A5244CB0-CRC
6144,SK hynix PC4-17000U (DDR4-2133) 4GB DIMM 288pin デスクトップパソコン用メモリ 型番：HMA451U6AFR8N-TF 片面実装 (1Rx8)
5831,DDR4 PC4 260-PIN SODIMM 1.2V ノート メモリー HMA851S6AFR6N-UH HYNIX 4GB PC4-19200 DDR4-2400MHZ NON-ECC 純正 メモリー
5299,AGI UD138 デスクトップPC用 メモリ DDR4 2400Mhz 4GB U-DIMM 288-pin 電圧1.2V CL17
6951,2X DDR4 RAM メモリ 4GB 2133Mhz デスクトップメモリ 288ピン DIMM RAM PC4 17000 RAM メモリ デスクトップ用
5519,SAMSUNG PC4-17000S (DDR4-2133) 4GB SO-DIMM 260pin ノートパソコン用メモリ 4GB 1Rx8 PC4-2133P-SA0-10 型番：M471A5143DB0-CPB 両面実装 (1Rx8)
12800,I-O DATA 増設メモリ 4GB PC4-2133/DDR4/デスクトップ用/288pin/無期限保証/DZ2133-4G
3091,Generic PCメモリ 4GB DDR4 2666MHz 1.2V – デスクトップ用UDIMM、読み込み速度向上でシステム応答性改善 (4ギガバイト)
3980,MICRON 4GB 1RX16 DDR4 PC4-19200 2400MHZ CL17 メモリモジュール MTA4ATF51264HZ-2G3E2
3980,シー・エフ・デー販売 CFD販売 ノートPC用メモリ PC4-17000(DDR4-2133) 4GB×1枚 260pin DIMM (無期限保証)(Panramシリーズ) D4N2133PS-4G
