Price,Title
59800,【Avus Gear】DDR5 4800MHz 32GB(16GB x2本）UDIMM(デスクトップ)メモリ 3年保証【バルク版】
97680,AGI DDR5-5600MT/s (PC5-44800) 32GB(16GBx2) UDIMM 46-46-46-90 1.1v AGI560016UD238-DT MM10564
84699,Patriot Viper Venom DDR5 RAM 32GB (1X32GB) 6000MT/s CL30 UDIMM Desktop Gaming Memory Module - PVV532G60C30
73880,TEAMGROUP (旧称 Team) T-FORCE VULCAN DDR5 6400MHz 32GB (16GBx2枚) CL40 PC5-51200 デスクトップ用 メモリ レッド Intel XMP3.0 / AMD EXPO 両対応【TEAMジャパン 国内正規品・メーカー無期限保証】FLRD532G6400HC40BDC01
59800,【Avus Gear】DDR5 4800MHz 32GB(16GB x2本）UDIMM(デスクトップ)メモリ 3年保証【バルク版】
82000,CORSAIR DDR5-6000MHz デスクトップPC用メモリ VENGEANCE RGB DDR5シリーズ (PC5-48000) Intel XMP メモリキット 32GB ホワイト [16GB×2枚] CMH32GX5M2E6000C36W
73880,TEAMGROUP (旧称 Team) T-FORCE DELTA RGB DDR5 6000MHz 32GB (16GBx2枚) CL38 PC5-48000 デスクトップ用 メモリ ホワイト Intel XMP3.0 / AMD EXPO 両対応【TEAMジャパン 国内正規品・メーカー無期限保証】FF4D532G6000HC38ADC01
81699,Patriot Viper Venom DDR5 RAM 32GB (2X16GB) 6800MHz CL34 1.4v UDIMM Desktop Gaming Memory Kit Compatible with Intel XMP - PVV532G680C34K
95800,CORSAIR DDR5-6400MHz デスクトップPC用メモリ DOMINATOR PLATINUM RGB DDR5シリーズ (PC5-51200) Intel XMPメモリキット 32GB ブラック [16GB×2枚] CMT32GX5M2B6400C32
70699,Patriot Viper Xtreme 5 DDR5 RAM 32GB (2X16GB) 6400MT/s CL32 UDIMM Desktop Gaming Memory Kit - PVX532G64C32K
78379,Crucial(クルーシャル) PRO (マイクロン製) デスクトップ用メモリ 16GB×2枚 DDR5-6400 オーバークロック CP2K16G64C38U5B 【国内正規代理店品】
64800,Crucial RAM 32GB DDR5 5600MHz (または5200MHzまたは4800MHz) ノートパソコンメモリ CT32G56C46S5。
74689,Crucial Pro DDR5 RAM 32GBキット (2x16GB) 6400MHz CL32 オーバークロックデスクトップゲームメモリ Intel XMP 3.0 & AMD Expo対応 ブラック - CP2K16G64C32U5B
78880,TEAMGROUP (旧称 Team) T-FORCE DELTA RGB DDR5 6000MHz 32GB (16GBx2枚) CL30 PC5-48000 デスクトップ用 メモリ ブラック Intel XMP3.0 / AMD EXPO 両対応【TEAMジャパン 国内正規品・メーカー無期限保証】FF3D532G6000HC30DC01
97980,シリコンパワー DDR5 32GB (2x16GB) Zenith 6000MHz (PC5-48000) 288-pin CL30 1.35V UDIMM デスクトップPC用メモリ DRAM SP032GXLWU60AFDG White
79980,Biwin DW100 DDR5 6000MT/s (PC5-48000) デスクトップPC用メモリ 32GB（16GB×2枚） CL30 RGBライティング Intel XPM 3.0/AMD EXPO両対応 メモリキット ホワイト
77880,TEAMGROUP (旧称 Team) T-CREATE EXPERT DDR5 6000MHz 32GB (16GBx2枚) CL30 PC5-48000 デスクトップ用 メモリ ブラック Intel XMP3.0 / AMD EXPO 両対応【TEAMジャパン 国内正規品・メーカー無期限保証】CTCED532G6000HC30DC01
86100,CORSAIR DDR5-6000MHz デスクトップPC用メモリ VENGEANCE RGB DDR5シリーズ (PC5-48000) Intel XMPメモリキット 32GB ブラック [16GB×2枚] CMH32GX5M2E6000C36
72799,Patriot Viper Elite 5 DDR5 RAM 32GB (2X16GB) 6400MT/s CL32 1.35v UDIMM Desktop Gaming Memory Kit - VEB532G6432KW
115299,Patriot Viper Xtreme 5 DDR5 RAM 32GB (2X16GB) 8200MT/s CL38 UDIMM Desktop Gaming Memory Kit - PVX532G82C38K
70699,Patriot Viper Xtreme 5 DDR5 RAM 32GB (2X16GB) 6400MT/s CL32 UDIMM Desktop Gaming Memory Kit - PVX532G64C32K
95800,CORSAIR DDR5-6400MHz デスクトップPC用メモリ DOMINATOR PLATINUM RGB DDR5シリーズ (PC5-51200) Intel XMPメモリキット 32GB ブラック [16GB×2枚] CMT32GX5M2B6400C32
76490,CFD販売 デスクトップPC用メモリ グラフェン 銅箔 ヒートシンク DDR5-5600 16GB×2枚 (32GB) 相性保証 288pin シー・エフ・デー販売 CFD Standard W5U5600CS-16GC46F
44440,Kingston FURY Beast White RGB 32GB 5600MT/s DDR5 CL40 DIMM デスクトップゲームメモリ シングルモジュール Intel XMP - KF556C40BWA-32
85260,CORSAIR DDR5-6400MHz デスクトップPC用メモリ VENGEANCE RGB DDR5シリーズ (PC5-51200) Intel XMPメモリキット 32GB ブラック [16GB×2枚] CMH32GX5M2B6400C36
79980,シリコンパワー DDR5 32GB (2x16GB) 4800MHz (PC5-38400) 288ピン CL40 1.1V UDIMM Non-ECC デスクトップ RAM コンピューター メモリ SP032GBLVU480F22
75000,CORSAIR DDR5-5600MHz デスクトップPC用メモリ VENGEANCE RGB DDR5シリーズ (PC5-44800) Intel XMPメモリキット 32GB [16GB×2枚] ブラック CMH32GX5M2B5600C40K
62800,DATO DDR5 SODIMM 32GB 16GB×2 ノートパソコン用メモリモジュール 5600MHz PC5 44800 CL46 1.1V 262ピン ノンECC アンバッファード
77880,TEAMGROUP (旧称 Team) T-CREATE EXPERT DDR5 6000MHz 32GB (16GBx2枚) CL30 PC5-48000 デスクトップ用 メモリ ホワイト Intel XMP3.0 / AMD EXPO 両対応【TEAMジャパン 国内正規品・メーカー無期限保証】CTCWD532G6000HC30DC01
75220,シリコンパワー DDR5 32GB キット (16GB x 2) 5600MHz (PC5-44800) CL46 1.1V SODIMM Non-ECCノートパソコン RAM コンピュータメモリ SP032GBSVU560F22
73344,Lexar ARES Gen2 RGB DDR5 RAM 32GB キット (2x16GB) 6000MHz CL30 288ピン UDIMM デスクトップメモリ PCゲーミングコンピュータメモリ Intel XMP 3.0/AMD EXPO/CL30-38-38-76/1.4V用 (LD5U16G60C30BR-RGD)
65094,Samsung 32GB DDR5 4800MHz PC5-38400 SODIMM 2Rx8 デュアルランク CL40 1.1v 262pin No-ECCM425R4GA3BB0-CQK ノートパソコン RAM メモリアップグレード
73880,TEAMGROUP (旧称 Team) T-FORCE DELTA RGB DDR5 6000MHz 32GB (16GBx2枚) CL38 PC5-48000 デスクトップ用 メモリ ホワイト Intel XMP3.0 / AMD EXPO 両対応【TEAMジャパン 国内正規品・メーカー無期限保証】FF4D532G6000HC38ADC01
79800,CORSAIR DDR5-4800MHz ノートPC用 メモリ VENGEANCE DDR5 32GB [32GB×1枚] SO-DIMM CMSX32GX5M1A4800C40 (PC5-38400)
68880,TEAMGROUP (旧称 Team) ノートPC用メモリ DDR5 5600MHz 32GB (16GBx2枚) SODIMM PC5-44800 CL46 1.1V JEDEC準拠 ELITEシリーズ【TEAMジャパン 国内正規品・メーカー無期限保証】TED532G5600C46ADC-S01
45739,Timetec プレミアム 32GB DDR5 5600MHz PC5-44800 アンバッファード ノンECC 1.1V CL46 2Rx8 デュアルランク 262ピン SODIMM ノートパソコンメモリ RAM アップグレード
87163,CORSAIR DDR5-6000MHz デスクトップPC用メモリ VENGEANCE RGB DDR5シリーズ (Overclock PMIC) Intel XMP メモリキット 32GB ブラック [16GB×2枚] CMH32GX5M2B6000C38
23009,32GB DDR5 RAM 5600z デスクトップ メモリースティック
69999,AGI UD858 DDR5 6000MHz 32GB(16GB×2枚) デスクトップPC用 メモリ TURBOJET RGBシリーズ CL30 AGI6APC16UD858
86800,CORSAIR DDR5-5600MHz デスクトップPC用メモリ VENGEANCE DDR5シリーズ (PC5-44800) AMD EXPO Intel XMPメモリキット 32GB ブラック グレー [16GB×2枚] CMK32GX5M2B5600Z40
72799,Patriot Viper Venom DDR5 RAM 32GB (1X32GB) 5600MT/s CL36 UDIMM Desktop Gaming Memory Module - PVV532G56C36
74545,CORSAIR VENGEANCE DDR5 32GB (2x16GB) 6000MHz CL38 デスクトップPC用メモリーキット – AMD EXPO & Intel XMP 3.0 対応 – グレー CMK32GX5M2B6000Z38
72799,Patriot Viper Elite 5 DDR5 RAM 32GB (2X16GB) 6400MT/s CL32 1.35v UDIMM Desktop Gaming Memory Kit - VEB532G6432KW
73880,TEAMGROUP (旧称 Team) T-FORCE DELTA RGB DDR5 6000MHz 32GB (16GBx2枚) CL38 PC5-48000 デスクトップ用 メモリ ホワイト Intel XMP3.0 / AMD EXPO 両対応【TEAMジャパン 国内正規品・メーカー無期限保証】FF4D532G6000HC38ADC01
95800,CORSAIR DDR5-6400MHz デスクトップPC用メモリ DOMINATOR PLATINUM RGB DDR5シリーズ (PC5-51200) Intel XMPメモリキット 32GB ブラック [16GB×2枚] CMT32GX5M2B6400C32
