Price,Title
11605,OWC 128GB (2x64GB) DDR4 3200 PC4-25600 CL22 2Rx4 288ピン 1.2V ECC Registered DIMM Memory RAM モジュール アップグレードキット ThinkSystem SR645 Epyc SR665 Epyc対応
117641,G.SKILL RipjawsVシリーズ DDR4 RAM (XMP) 128GB (4x32GB) 3600MT/s CL18-22-22-42 1.35V Intel AMD デスクトップコンピュータメモリ U-DIMM - ブラック (F4-3600C18Q-128GVK)
184392,NEMIX RAM 128GB (4X32GB) DDR4 3200MHZ PC4-25600 2Rx8 1.2V CL22 288ピン 非ECCバッファなし UDIMM デスクトップPCメモリキット
40384,NEMIX RAM 128GB (2X64GB) DDR4-2400 PC4-19200 ECC RDIMM レジスタードサーバーメモリアップグレード Dell PowerEdge FC830サーバー用
55240,NEMIX RAM 128GB (2x64GB) DDR4-3200 PC4-25600 ECC RDIMM レジスタードサーバーメモリアップグレード Dell PowerEdge R6525ラックサーバー用
175904,NEMIX RAM 128GB (2X64GB) DDR4-3200 PC4-25600 ECC RDIMM レジスタードサーバー メモリアップグレード Dell PowerEdge R7525 ラックサーバー用
90548,v-Color 128GB(64GBx2) 3200MHz DDR4 ECC R-DIMM 4Gx4 2Rx4 ECC Registered DIMM ハイニックスIC使用 デュアルランク サーバー/ワークステーション/データセンターメモリ用 (TR464G32D422K)
172645,OWC 128GB (1X128GB) DDR4 3200MHZ PC4-25600 4Rx4 1.2V CL22 288-PIN ECC RDIMM サーバー、ワークステーション、NASシステムに対応
70743,A-Tech 128GB (4x32GB) DDR4 3200MHz UDIMM PC4-25600 (PC4-3200AA) CL22 DIMM 2Rx8 ノンECC デスクトップ RAM メモリモジュール
160939,Samsung 128GB DDR4 2933MHz PC4-23400 ECC RDIMM 4Rx4 (2S2Rx4) クアッドランク 1.2V レジスタード DIMM 288ピン サーバー RAM メモリ M393AAG40M3B-CYF 1モジュール
285725,Micron 128GB DDR4 SDRAM メモリモジュール - 128GB - DDR4-2933/PC4-23400 DDR4 SDRAM - CL24 - ECC - 288ピン - LRDIMM
152117,NEMIX RAM 128GB (2X64GB) DDR4 2666MHZ PC4-21300 4Rx4 1.2V CL19 288ピン ECC LRDIMM 負荷低減サーバーメモリーキット
127437,A-Tech 128GB キット (2x64GB) DDR4 2400MHz PC4-19200 ECC LRDIMM 4Rx4 (4DRx4) クアッドランク 1.2V 負荷軽減 DIMM 288ピン サーバー RAM メモリアップグレードモジュール (A-Tech Enterpriseシリーズ)
71314,NEMIX RAM NEMIX RAM 128GB 4x32GB DDR4-2666 PC4-21300 2Rx8 ECC Unbufferedメモリ
171791,NEMIX RAM 128GB (2X64GB) DDR4 2933MHZ PC4-23400 4Rx4 1.2V CL21 288ピン ECC RDIMM 登録サーバーメモリーキット Dell Precision 5820 タワーワークステーション対応
299990,キングストン Kingston デスクトップPC用メモリ DDR4 3600MHz 32GBx4枚 HyperX FURY Memory Black Unbuffered DIMM HX436C18FB3K4/128
51310,NEMIX RAM 128GB (4X32GB) DDR4 2933MHZ PC4-23400 2Rx4 1.2V CL21 288ピン ECC RDIMM 登録サーバーメモリーキット
