Price,Title
59799,【エイデータ】 PCメモリ DDR5 5600 16GB AD5U560016G-S-I
42800,Cru cial RAM 16GB DDR5 5600MHz CL46 UDIMM デスクトップメモリ 増設メモリ CT16G 56C46U5 ブラック (16GBx1個)
36799,Patriot Viper Elite 5 DDR5 RAM 16GB (1X16GB) 6000MT/s CL30 1.35v UDIMM Desktop Gaming Memory - VEB516G6030W
37380,デスクトップPC用 増設メモリ DDR5 16GB (1x16GB) 6000MHz CL36 デスクトップ用メモリーキット Intel XMP 3.0 対応 【並行輸入品】 CMK5X16G3G60C36A2-CN
36236,Samsung 16GB (2x8GB) DDR5 4800MHz PC5-38400 CL40 SODIMM 1Rx16 シングルランク 1.1V 262ピン ノートパソコン、ノートブックRAMメモリ
38880,TEAMGROUP (旧称 Team) ノートPC用メモリ DDR5 5600MHz 16GB SODIMM PC5-44800 CL46 1.1V JEDEC準拠 ELITEシリーズ【TEAMジャパン 国内正規品・メーカー無期限保証】TED516G5600C46A-S01
42380,CORSAIR DDR5-4800MHz ノートPC用 メモリ VENGEANCE DDR5 16GB [16GB×1枚] SO-DIMM CMSX16GX5M1A4800C40 (PC5-38400)
36799,Patriot Viper Elite 5 DDR5 RAM 16GB (1X16GB) 6000MT/s CL30 1.35v UDIMM Desktop Gaming Memory - VEB516G6030W
35699,Patriot Viper Venom DDR5 RAM 16GB (1X16GB) 6000MT/s CL30 UDIMM Desktop Gaming Memory Module - PVV516G60C30
34680,WINTEN デスクトップPC用メモリ DDR5-4800 16GB 288Pin CL40 1.1V SODIMM SDRAM 内蔵メモリー 増設メモリー【5年保証・相性保証】WT-LD4800-16GB
34680,WINTEN ノートPC用メモリ DDR5-4800 16GB 262Pin CL40 1.1V SODIMM SDRAM 内蔵メモリー 増設メモリー【5年保証・相性保証】WT-SD4800-16GB
42800,Cru cial RAM 16GB DDR5 5600MHz CL46 UDIMM デスクトップメモリ 増設メモリ CT16G 56C46U5 ブラック (16GBx1個)
34899,Patriot Viper Elite 5 DDR5 RAM 16GB (1X16GB) 5600MT/s CL36 1.35v UDIMM Desktop Gaming Memory - VEB516G5636W
40348,MMOMENT DDR5 UDIMM 16GB 5600Mhz (PC5-44800) デスクトップメモリモジュール Ram (CL46、ノンECCアンバッファード、1.1V、288ピン)。
45527,Samsung 16GB DDR5 5600MHz PC5-44800 CL46 SODIMM 1Rx8 シングルランク 1.1V 262ピン ノートパソコン、ノートブック RAM メモリ M425R2GA3PB0-CWM
46050,WINTEN デスクトップPC用 メモリ DDR5-4800 16GB（8GB×2枚）288Pin CL40 1.1V DIMM SDRAM 内蔵メモリー 増設【5年保証 相性保証】WT-LD4800-D16GB
59799,【エイデータ】 PCメモリ DDR5 5600 16GB AD5U560016G-S-I
49225,G.SKILL Flare X5シリーズ DDR5 RAM (AMD Expo) 16GB (2x8GB) 5600MT/s CL36-36-36-89 1.20V デスクトップコンピュータメモリ U-DIMM - マットブラック (F5-5600J3636C8GH2-FX5)
45944,A-Tech 16GB DDR5 5200MHz PC5-41600 CL42 SODIMM 1Rx8 シングルランク 1.1V ノンECCバッファード SO-DIMM 262ピン ノートパソコン RAM メモリアップグレードモジュール
35905,Samsung 16GB (8GBX2) DDR5 4800MHz PC5-38400 SODIMM ノートパソコンメモリ RAM (M425R1GB4BB0) OEM
43045,キングストンテクノロジー Kingston FURY ノートPC用メモリ DDR5 4800MT/秒 16GB×1枚 Kingston FURY Impact インパクトCL38 1.1V SODIMM KF548S38IB-16 製品寿命期間保証
46050,WINTEN ノートPC用 メモリ DDR5-4800 16GB（8GB×2枚）262Pin CL40 1.1V SODIMM SDRAM 内蔵メモリー 増設 WT-SD4800-D16GB
35766,XPG Hunter DDR5 16GB 4800MHz SODIMM 262ピンメモリRAM シングル(AD5S480016G-S)
49800,トランセンドジャパン ノートPC用メモリ PC5-38400(DDR5 4800) 16GB 1.1V 262pin SO-DIMM 1Rx8 (2Gx8)x8 CL40 無期限保証 JM4800ASE-16G
45680,Kingston FURY Beast ブラック RGB 16GB 6000MT/s DDR5 CL36 DIMM デスクトップゲームメモリ シングルモジュール AMD EXPO/Intel XMP - KF560C36BBE2A-16
53196,Samsung M323R2GA3BB0-CQK 16GB DDR5-4800 PC5-38400 4800MHz UDIMM Non-ECC UNBUFFERED デスクトップ RAM メモリモジュール
58443,Samsung 16GB DDR5 5600MHz PC5-44800 SODIMM 1Rx8 シングルランク CL46 1.1v 262pin Non-ECC M425R2GA3BB0-CWM ノートパソコン ノートパソコン RAM メモリアップグレード
59105,Samsung 16GB DDR5 5600MHz PC5-44800 CL46 UDIMM 1Rx8 シングルランク 1.1V 非ECC DIMM 288ピン デスクトップコンピュータ RAMメモリ
