Price,Title
19399,Patriot Signature Line DDR5 8GB (1 x 8GB) 5600MHz SODIMM Single - PSD58G560041S
19399,Patriot Signature Line DDR5 8GB (1 x 8GB) 5600MHz SODIMM Single - PSD58G560041S
16560,【エコーパッケージ】 箱なし SUNEAST ノートPCメモリ 8GB DDR5 増設メモリー 260pin 5600MHz ノートパソコンメモリ 8GB DDR5 5600 薄型PC用 内蔵メモリー SO-DIMM 国内 SE5N5600-08G
23040,WINTEN デスクトップPC用 メモリ DDR5-4800 8GB 288Pin CL40 1.1V DIMM SDRAM 内蔵メモリー 増設【5年保証 相性保証】WT-LD4800-8GB
23447,Samsung 8GB DDR5 5600MHz PC5-44800 CL46 SODIMM 1Rx16 シングルランク 1.1V 262ピン ノートパソコン RAM メモリ M425R1GB4BB0-CWM、モジュール1個。
27800,トランセンドジャパン ノートPC用メモリ PC5-38400(DDR5 4800) 8GB 1.1V 262pin SO-DIMM 1Rx16 (1Gx16)x4 CL40 無期限保証 JM4800ASG-8G
16460,Micron SODIMM 8GB PC5 DDR5 4800 1Rx16 MTC4C10163S1SC48BA1 ノートパソコン RAM メモリ Dell HP Lenovo その他のシステム用
23040,WINTEN ノートPC用 メモリ DDR5-4800 8GB 262Pin CL40 1.1V SODIMM SDRAM 内蔵メモリー 増設【5年保証 相性保証】WT-SD4800-8GB
31900,SK Hyn(Hynix) オリジナル 8GB (1x8GB) DDR5 5600MHz (または4800MHz PC5-38400) 高性能ゲーミングRAM PC5-44800 UDIMM アンバッファード ノンECC 1Rx16 CL46 デスクトップPCメモリアップグレード HMCG66AGBUA081N Adamanta
31046,G.SKILL Flare X5シリーズ DDR5 RAM (AMD Expo) 8GB (1x8GB) 6000MT/s CL30-38-38-96 1.35V デスクトップコンピュータメモリ U-DIMM - マットブラック (F5-6000J3038F8GH1-FX5)
31290,CT8G56C46U5 [8GB Crucial DDR5 5600 (PC5-44800) CL46-45-45 1.1V UDIMM 288pin]
26059,Mic(Micron) オリジナル 8GB (1x8GB) DDR5 5600MHz PC5-44800 SODIMM アンバッファード ノンECC 1Rx16 CL46 1.1v MTC4C10163S1SC56BD1 ノートパソコン RAM メモリモジュール アップグレード アダマンタ
26506,Kingston ValueRAM 8GB 5600MT/s DDR5 Non-ECC CL46 DIMM 1Rx16 KVR56U46BS6-8 Mémoire de bureau
28297,CORSAIR DDR5-4800MHz ノートPC用 メモリ VENGEANCE DDR5 SODIMMシリーズ (PC5-38400) 8GB [8GB×1枚] CMSX8GX5M1A4800C40
36000,【アドテック ダイレクト限定】 DDR5-5600 UDIMM 8GB 6年保証 デスクトップ 5600MHz PC5-44800 288Pin UDIMM JEDEC準拠 増設 交換 メモリー ゲーミング クリエイター 動画編集 画像処理 CAD レンダリング 高速化 データ転送 On-die ECC PMIC搭載 省電力 日本ブランド ADS5600D-X8G -EC
25615,A-Tech 8GB DDR5 4800MHz SODIMM PC5-38400 CL40 1Rx16 1.1V SO-DIMM 262ピン ノートパソコン RAM メモリモジュール M425R1GB4BB0-CQK
26075,A-Tech 8GB RAM ASUS NUC 14 Performance Mini PC用 | DDR5 5200MHz PC5-41600 SODIMM 1.1V 262ピン ノンECC SO-DIMM メモリアップグレード
33231,A-Tech 8GB RAM Dell EBT2250 Tower Plus用 | DDR5 5600MHz PC5-44800 DIMM 1.1V 288ピン ノンECC UDIMM メモリアップグレード
31077,A-Tech 8GB RAM ASUS ExpertCenter D5 SFF D501SER、D500SER デスクトップ用 | DDR5 5600MHz PC5-44800 DIMM 1.1V 288ピン 非ECC UDIMM メモリアップグレード
30351,Samsung 8GB (1x8GB) DDR5 5600MHz PC5-44800 CL46 UDIMM 1Rx16 シングルランク 1.1V ノンECC DIMM 288ピン デスクトップコンピューター RAMメモリ
24088,A-Tech 8GB DDR5 5600MHz PC5-44800 CL46 SODIMM 1.1V ノンECCアンバッファード SO-DIMM 262ピン ノートパソコン RAM メモリアップグレードモジュール
28576,A-Tech 8GB DDR5 4800 MHz UDIMM PC5-38400 CL40 DIMM 288-Pin 1.1V デスクトップ RAM メモリ モジュール
42977,Axiom AB883073-AX 8GB DDR5-4800 UDIMM メモリモジュール Dell用
21755,A-Tech 8GB DDR5 4800MHz PC5-38400 CL40 SODIMM 1.1V ノンECCアンバッファード SO-DIMM 262ピン ノートパソコン RAM メモリアップグレードモジュール
32053,A-Tech 8GB RAM ASUS ExpertCenter D9 Mini Tower D900MDR、D901MDR デスクトップ用 | DDR5 5600MHz PC5-44800 DIMM 1.1V 288ピン ノンECC UDIMM メモリアップグレード
29516,A-Tech 8GB RAM Crucial CT2K8G48C40U5用 | DDR5 4800MHz PC5-38400 DIMM 1Rx16 1.1V 288ピン ノンECCデスクトップメモリモジュール (CT2K8G48C40U5-ATC)
19399,Patriot Signature Line DDR5 8GB (1 x 8GB) 5600MHz SODIMM Single - PSD58G560041S
