Price,Title
21999,MMOMENT DDR4 16GB 3200Mhz UDIMM デスクトップPC用メモリ (CL22/1.2V/288ピン)
29920,AGI DDR4-3200MHz (PC4-25600) 16GB 8GBx2 UDIMM 22-22-22-52 1.2V AGI320008UD138-DT MM10561
22980,【メモリ DDR4】GIGASTONE 8GBx2枚 (16GB Kit) DDR4 2666MHz (2400MHz or 2133MHz) PC4-21300 (PC4-19200/17000) CL19 1.2V UDIMM 288 ピン アンバッファー 非 ECC PC デスクトップ専用 メモリモジュール アップグレード
20000,Corsair DDR4-3200MHz デスクトップPC用 メモリ VENGANCE RGBシリーズ 16GB [8GB×2枚] ブラック CMK16GX4M2E3200C16
17800,シリコンパワー ノートPC用メモリ DDR4-2666 (PC4-21300) 8GB×2枚 (16GB) 260Pin 1.2V CL19 Mac対応 SP016GBSFU266B22
21999,MMOMENT DDR4 16GB 3200Mhz UDIMM デスクトップPC用メモリ (CL22/1.2V/288ピン)
19780,シー・エフ・デー販売 CFD販売 CFD Standard デスクトップ用 メモリ DDR4 3200 (PC4-25600) 16GB×1枚 288pin DIMM 相性保証 D4U3200CS-16G
19000,CFD販売 ノートPC用メモリ DDR4-3200 (PC4-25600) 16GB×1枚 (16GB) 相性保証 260pin シー・エフ・デー販売 CFD Standard D4N3200CS-16G
18708,シリコンパワー SP Silicon PowerデスクトップPC用メモリ DDR4-2666(PC4-21300) 16GB×1枚 288Pin 1.2V CL19 SP016GBLFU266B02
18999,AGI UD138 16GB DDR4 UDIMM 3200MHz デスクトップ用メモリ CL22 1.2V 288pin AGI320016UD138
15880,デスクトップPC用メモリ PC4-25600(DDR4-3200) 16GB DIMM Hanye 1.2V CL22 288pin UD4-16GB-3200-2R8 国内正規代理店品
19780,シー・エフ・デー販売 CFD販売 CFD Standard デスクトップ用 メモリ DDR4 3200 (PC4-25600) 16GB×1枚 288pin DIMM 相性保証 D4U3200CS-16G
20480,シリコンパワー デスクトップPC用 メモリ DDR4 3200 PC4-25600 8GB x 2枚 (16GB) 288Pin 1.2V CL22 SP016GBLFU320B22
21900,Crucial デスクトップ用増設メモリ 16GB(16GBx1枚) DDR4 2666MT/s(PC4-21300) CL19 UDIMM 288pin CT16G4DFRA266
17280,Timetec 16GB ノートPC用メモリ DDR4 2666MHz (DDR4-2666) PC4-21300 (PC4-2666V) Non-ECC Unbuffered 1.2V CL19 2Rx8 Dual Rank 260 Pin SODIMM (16GBx1枚)
16800,Samsung サムスン メモリ M471A2G43AB2 16GB DDR4 1Rx8 ノートパソコン用メモリ SO-DIMM PC4 内蔵RAM 純正メモリ (1.2V、ddr4) DRAMメモリ - ウォーターグリーン (整備済み品)
15980,ノートPC用メモリ PC4-25600(DDR4-3200) 16GB SODIMM Hanye 1.2V CL22 260pin SD4-16GB-3200-2R8 国内正規代理店品
21999,MMOMENT DDR4 16GB 3200Mhz UDIMM デスクトップPC用メモリ (CL22/1.2V/288ピン)
21288,DATO デスクトップ PC用メモリ DDR4 3200MHz 16GB 8GBx2枚 PC4-25600 CL22 1.2V 228ピン 非ECC UDIMM デスクトップ RAM メモリモジュールメーカー 3年保証 台湾製
15599,AGI UD138 16GB DDR4 UDIMM 2666MHz デスクトップ用メモリ CL19 288pin
20360,Crucial ノートPC用 メモリ PC4-21300(DDR4-2666) 16GB SODIMM CT16G4SFS8266 [並行輸入品]
22980,【メモリ DDR4】GIGASTONE 8GBx2枚 (16GB Kit) DDR4 2666MHz (2400MHz or 2133MHz) PC4-21300 (PC4-19200/17000) CL19 1.2V UDIMM 288 ピン アンバッファー 非 ECC PC デスクトップ専用 メモリモジュール アップグレード
19800,Samsung 16GB (2x8GB) DDR4 2666MHz DIMM PC4-21300 UDIMM Non-ECC 1Rx8 1.2V CL19 288ピン デスクトップコンピューター RAM メモリアップグレードキット M378A1K43CB2-CTD
18880,DATO メモリ16GB DDR4 16GB 3200MHz UDIMMヒートシンク付き PC4-25600 CL16 1.35V PC3200 RAM with heatsink ゲーミング専用メモリモジュール 288ピン 非ECC UDIMM Extremeブラック
19500,DATO(ダト) ノートPC用メモリ 16GB DDR4 3200MHz JEDEC準拠 PC4-25600 CL22 SODIMM 1.2V 260ピン 非ECC SO-DIMM ノートパソコン RAM メモリモジュール メーカー3年保証 台湾製
20799,Patriot Viper Steel DDR4 3600MHz PC4-28800 16GB アルミニウム製ヒートシンク デスクトップ用メモリ PVS416G360C8
20880,TEAMGROUP (旧称 Team) ELITE PLUS DDR4 3200MHz 16GB (8GBx2枚) PC4-25600 CL22 1.2V JEDEC準拠 デスクトップ用 メモリ【TEAMジャパン 国内正規品・メーカー無期限保証】TPRD416G3200HC22DC01
18999,AGI UD138 16GB DDR4 UDIMM 3200MHz デスクトップ用メモリ CL22 1.2V 288pin AGI320016UD138
16799,PATRIOT パトリオットメモリ ノートパソコン用メモリ SODIMM DDR4 3200MHz PC4-25600 16GB CL22 PSD416G32002S
20299,Patriot Memory Viper Elite II DDR4 3200MHz 16GB (8GB x 2枚) デスクトップ用メモリ - PVE2416G320C8K
21700,Crucial デスクトップ用増設メモリ 16GB(8GBx2枚) DDR4 2400MT/s(PC4-19200) CL17 UDIMM 288pin CT2K8G4DFS824A
21980,SP Silicon Powerシリコンパワー デスクトップPC用 メモリ DDR4 3200 PC4-25600 16GB x 1枚 288Pin 1.2V CL22 SP016GBLFU320F02
21380,TEAMGROUP (旧称 Team) T-FORCE DELTA RGB DDR4 3200MHz 16GB (8GBx2枚) CL16 PC4-25600 デスクトップ用 メモリ ホワイト Intel XMP2.0対応【TEAMジャパン 国内正規品・メーカー無期限保証】TF4D416G3200HC16FDC01
14880,デスクトップPC用メモリ 16GB(8GBx2枚) PC4-21300(DDR4-2666) 288pin DIMM Hanye 1.2V CL19 UD4-08GB-2666-1R8 国内正規代理店品
14313,キングストン Kingston ノート用 オーバークロック PC メモリ DDR4-2666 16GB HyperX Impact SODIMM HX426S15IB2/16 永久保証
14980,ノートPC用メモリ DDR4-2666 PC4-21300 16GB(8GBx2枚) SODIMM TF48G26S819 V-Color カラフルなICチップ
23300,Crucial デスクトップ用増設メモリ 16GB(16GBx1枚) DDR4 3200MT/s(PC4-25600) CL22 UDIMM 288pin CT16G4DFRA32A
14880,デスクトップPC用メモリ 16GB PC4-21300(DDR4-2666) 288pin DIMM Hanye 1.2V CL19 UD4-16GB-2666-2R8 国内正規品
22479,Crucial ノートPC用増設メモリ 16GB(8GBx2枚) DDR4 2666MT/s(PC4-21300) CL19 SODIMM 260pin CT2K8G4SFS8266
19800,CORSAIR DDR4-3600MHz デスクトップPC用 メモリ VENGEANCE RGB PRO SLシリーズ 16GB [8GB×2枚] CMH16GX4M2D3600C18W (PC4-28800) ホワイト
21799,Patriot Viper Steel DDR4 3600MHz PC4-28800 16GB (8GB x 2枚) CL18 アルミニウム製ヒートシンク デスクトップ用メモリ PVS416G360C8K
21295,Crucial デスクトップ用増設メモリ 16GB(8GBx2枚) DDR4 2666MT/s(PC4-21300) CL19 UDIMM 288pin CT2K8G4DFS8266
19999,Crucial ノートPC用 メモリ PC4-25600(DDR4-3200) 16GB(8GBx2枚) SODIMM CT8G4SFS832A [並行輸入品]
18396,シー・エフ・デー販売 CFD販売 CFD Standard デスクトップ用 メモリ DDR4 3200 (PC4-25600) 8GB×2枚 288pin DIMM 相性保証 W4U3200CS-8G
