Price,Title
45980,【メモリ ノートパソコン専用 DDR4】GIGASTONE 16GBx2枚 (32GB Kit) DDR4 2666MHz (2400MHz または 2133MHz) PC4-21300 (PC4-19200/17000) CL19 1.2V SODIMM 260ピン アンバッファー 非ECC ノートパソコンメモリモジュールアップグレード
42980,シリコンパワー デスクトップPC用 メモリ DDR4 3200 PC4-25600 32GB x 1枚 288Pin 1.2V CL22 SP032GBLFU320X02
39980,シリコンパワー デスクトップPC用 メモリ DDR4 3200 PC4-25600 16GB x 2枚 (32GB) 288Pin 1.2V CL22 SP032GBLFU320F22
39000,CORSAIR DDR4-3200MHz デスクトップPC用 メモリ VENGEANCE LPX シリーズ 32GB [16GB×2枚] CMK32GX4M2E3200C16
34200,CORSAIR DDR4-32GB 3200MHz CL16 デスクトップPC用メモリ VENGEANCE RGB RS 32GB [16GB×2枚] CMG32GX4M2E3200C16
32999,Patriot Memory Viper Elite II DDR4 2666MHz 32GB (16GB x 2枚) デスクトップ用メモリ - PVE2432G266C6K
42980,シリコンパワー デスクトップPC用 メモリ DDR4 3200 PC4-25600 32GB x 1枚 288Pin 1.2V CL22 SP032GBLFU320X02
42980,シリコンパワー ノートPC用メモリ DDR4-3200(PC4-25600) 32GB×1枚 260Pin 1.2V CL22 SP032GBSFU320X02
46999,Patriot Viper Steel DDR4 3200MHz PC4-25600 32GB アルミニウム製ヒートシンク デスクトップ用メモリ PVS432G320C6
39800,Crucial RAM 32GB DDR4 2666 MHz CL19 メモリ Mac CT32G4S266M用
43659,Crucial(クルーシャル) PRO (マイクロン製) デスクトップ用メモリ 16GBX2枚 DDR4-3200 メーカー制限付無期限保証CP2K16G4DFRA32A【国内正規代理店品】
33480,KingSpec メモリ DDR4 RAM 3200MHz PC4-25600 16GB x 2枚 (32GB) 288Pin 1.35V デスクトップPC用
36000,シー・エフ・デー販売 CFD販売 CFD Standard デスクトップ用 メモリ DDR4 3200 (PC4-25600) 16GB×2枚 288pin DIMM 相性保証 W4U3200CS-16G
33800,DATO DDR4 デスクトップ用メモリ 32GB 3200MHz PC4 25600 CL22 1.2V 288ピン ノンECC アンバッファード UDIMM
39980,シリコンパワー デスクトップPC用 メモリ DDR4 3200 PC4-25600 16GB x 2枚 (32GB) 288Pin 1.2V CL22 SP032GBLFU320F22
39980,シリコンパワー デスクトップPC用 メモリ DDR4 3200 PC4-25600 16GB x 2枚 (32GB) 288Pin 1.2V CL22 SP032GBLFU320F22
49999,AGI UD138 32GB DDR4 UDIMM 3200MHz デスクトップ用メモリ CL22 1.2V 288pin
39980,シリコンパワー ノートPC用メモリ DDR4-2666(PC4-21300) 16GB×2枚 260Pin 1.2V CL19 Mac対応 SP032GBSFU266X22
38880,TEAMGROUP (旧称 Team) ELITE PLUS DDR4 3200MHz 32GB (16GBx2枚) PC4-25600 CL22 1.2V JEDEC準拠 デスクトップ用 メモリ【TEAMジャパン 国内正規品・メーカー無期限保証】TPRD432G3200HC22DC01
38800,TEAMGROUP (旧称 Team) ノートPC用メモリ DDR4 3200MHz 32GB (16GBx2枚) SODIMM PC4-25600 CL22 1.2V JEDEC準拠【TEAMジャパン 国内正規品・メーカー無期限保証】TED432G3200C22DC-S01
45000,CORSAIR DDR4-3600MHz デスクトップPC用 メモリ VENGEANCE RGB PRO SLシリーズ 32GB [16GB×2枚] CMH32GX4M2D3600C18W (PC4-28800) ホワイト
41980,シリコンパワー ノートPC用メモリ DDR4-3200 (PC4-25600) 16GB×2枚 (32GB) 260Pin 1.2V CL22 SP032GBSFU320F22
44300,Corsair DDR4-3200MHz デスクトップPC用 メモリ VENGANCE RGBシリーズ 32GB [16GB×2枚] ホワイトCMW32GX4M2E3200C16W
44980,【メモリ DDR4】GIGASTONE 16GBx2枚 (32GB Kit) DDR4 2666MHz (2400MHz or 2133MHz) PC4-21300 (PC4-19200/17000) CL19 1.2V UDIMM 288 ピン アンバッファー 非 ECC PC デスクトップ専用 メモリモジュール アップグレード
30980,Netac DDR4 3200MHz(PC4-25600) 32GB（16GBx2枚） デスクトップPC用メモリ XMP 2.0対応 288pin 1.35V 無期限保証 黑色 アルミニウム合金
39118,Acer プレデター ヴェスタ ゲーミングRAM 32GB（16GB×2）3200MHz DDR4 CL14 1.35V デスクトップ LED コンピュータメモリキット - BL.9BWWR.298 32GB（16GB×2）3200 MHz RGB
42980,シリコンパワー ノートPC用メモリ DDR4-3200(PC4-25600) 32GB×1枚 260Pin 1.2V CL22 SP032GBSFU320F02
23316,Axiom AB120719-AX 32GB DDR4 3200MHz UDIMM メモリモジュール Dell用
33280,Timetec 32GB Kit (2x16GB) ノートPC用メモリ DDR4 2400MHz PC4-19200 2Rx8 (Dual Rank) 260 Pin SODIMM Non-ECC Unbuffered 1.2V CL17 RAM
43250,Crucial デスクトップ用増設メモリ 32GB(16GBx2枚) DDR4 2666MT/s(PC4-21300) CL19 UDIMM 288pin CT2K16G4DFRA266
34180,Timetec Premium 32GB KIT(2x16GB) ノートPC用メモリ DDR4 2666MHz PC4-21300 Non-ECC Unbuffered CL19 2Rx8 Dual Rank 260 Pin SODIMM
34180,"DATO ノートPC用メモリ DDR4 3200MHz 32GB 16GBx2枚 PC4-2500 CL22 SODIMM 1.2V 260ピン 非ECC SODIMM, ノートパソコンRAM メモリモジュールメーカー 3年保証 台湾製"
42560,WINTEN デスクトップPC用メモリ DDR4-3200 32GB 288Pin CL22 1.2V DIMM SDRAM 内蔵メモリー 増設メモリー【5年保証・相性保証】WT-LD3200-32GB
42499,Patriot Memory パトリオットメモリ Viper Steel RGB DDR4 3200MHz PC4-25600 32GB (16GBx2枚) デュアルキット デスクトップ用メモリ PVSR432G320C8K
39980,シリコンパワー ノートPC用メモリ DDR4-3200 (PC4-25600) 16GB×2枚 (32GB) 260Pin 1.2V CL22 SP032GBSFU320X22
39800,CORSAIR DDR4-3200MHz デスクトップPC用 メモリ VENGEANCE RGB PRO SLシリーズ 32GB [16GB×2枚] CMH32GX4M2E3200C16W (PC4-25600)ホワイト
39999,Patriot Viper Steel DDR4 3200MHz PC4-25600 32GB (16GB x 2枚) アルミニウム製ヒートシンク デスクトップ用メモリ PVS432G320C6K
42699,Patriot Memory パトリオットメモリ Viper Steel RGB DDR4 3600MHz PC4-28800 32GB (16GBx2枚) デュアルキット デスクトップ用メモリ PVSR432G360C0K
44207,Crucial ノートPC用増設メモリ 32GB(32GBx1枚) DDR4 3200MT/s(PC4-25600) CL22 SODIMM 260pin CT32G4SFD832A
41980,シリコンパワー ノートPC用メモリ DDR4-3200 (PC4-25600) 16GB×2枚 (32GB) 260Pin 1.2V CL22 SP032GBSFU320F22
41800,Samsung 32GB (2x16GB) DDR4 2666MHz PC4-21300 (PC4-2666V) CL19 SODIMM 2Rx8 デュアルランク 1.2V 260ピン ノートパソコン、ノートブックRAMメモリ
44000,JAZER棘蛇 DDR4 32GB 3200MHz メモリ16GB×2枚 CL16 (SK Hynix A-die Chip) PC4-28800 メモリーモジュール デスクトップ用 1.35V UDIMM 288Pin RAM AMD/Intel XMP 2.0
34180,Timetec 32GB KIT(2x16GB) デスクトップPC用メモリ DDR4 2133MHz PC4-17000 Non-ECC Unbuffered 1.2V CL15 2Rx8 Dual Rank 288-Pin UDIMM RAM モジュールアップグレード
46623,G.SKILL トライデントZ RGBシリーズ DDR4 RAM (XMP) 32GB (2x16GB) 4000MT/s CL18-22-22-42 1.40V デスクトップコンピュータメモリ U-DIMM (F4-4000C18D-32GTZR)
37642,ADATA AD4U320032G22-SGN メモリモジュール 32 GB 1 x 32 GB DDR4 3200 MHz
38880,TEAMGROUP (旧称 Team) T-FORCE DELTA RGB DDR4 3600MHz 32GB (16GBx2枚) CL18 PC4-28800 デスクトップ用 メモリ ブラック Intel XMP2.0対応【TEAMジャパン 国内正規品・メーカー無期限保証】TF3D432G3600HC18JDC01
45980,【メモリ ノートパソコン専用 DDR4】GIGASTONE 16GBx2枚 (32GB Kit) DDR4 2666MHz (2400MHz または 2133MHz) PC4-21300 (PC4-19200/17000) CL19 1.2V SODIMM 260ピン アンバッファー 非ECC ノートパソコンメモリモジュールアップグレード
42980,シリコンパワー デスクトップPC用 メモリ DDR4 3200 PC4-25600 32GB x 1枚 288Pin 1.2V CL22 SP032GBLFU320F02
39980,シリコンパワー デスクトップPC用メモリ DDR4-3200 (PC4-25600) Gaming X-Power Zenith 16GB×2枚 (32GB) SP032GXLZU320BDC
42980,シリコンパワー ノートPC用メモリ DDR4-3200(PC4-25600) 32GB×1枚 260Pin 1.2V CL22 SP032GBSFU320X02
