Price,Title
85980,シリコンパワー SP Silicon PowerデスクトップPC用 メモリ DDR4 3200 PC4-25600 32GB x 2枚 (64GB) 288Pin 1.2V CL22 SP064GBLFU320X22
86990,Crucial デスクトップ用増設メモリ 64GB(32GBx2枚) DDR4 3200MT/s(PC4-25600) CL22 UDIMM 288pin CT2K32G4DFD832A
71700,Crucial ノートPC用増設メモリ 64GB (32GBx2枚) DDR4 3200MT/s(PC4-25600) CL22 SODIMM 260pin CT2K32G4SFD832A
82880,TEAMGROUP (旧称 Team) ELITE PLUS DDR4 3200MHz 64GB (32GBx2枚) PC4-25600 CL22 1.2V JEDEC準拠 デスクトップ用 メモリ【TEAMジャパン 国内正規品・メーカー無期限保証】TPRD464G3200HC22DC01
85090,WINTEN デスクトップPC用メモリ DDR4-3200 64GB（32GB×2枚） 288Pin CL22 1.2V DIMM SDRAM 内蔵メモリー 増設メモリー【5年保証・相性保証】WT-LD3200-D64GB
85980,シリコンパワー ノートPC用メモリ DDR4-3200 (PC4-25600) 32GB×2枚 (64GB) 260Pin 1.2V CL22 SP064GBSFU320F22
98010,CORSAIR DDR4 デスクトップPC用 メモリモジュール VENGEANCE LPX Series 16GB×4枚キット CMK64GX4M4A2666C16
100980,【メモリ ノートパソコン専用 DDR4】GIGASTONE 32GBx2枚 (64GB Kit) DDR4 3200MHz (2933MHz or 2666MHz) PC4-25600 (PC4-23400/21300) CL22 1.2V SODIMM 260 ピン アンバッファード 非 ECC ノートパソコン用メモリモジュールアップグレード
19822,reemaa MT 64GB DDR4 サーバー RAM メモリ 2400Mhz PC4-19200 288PIN 4DRx4 RECC メモリ RAM 1.2V REG ECC RAM 用パーツ アクセサリ 1 個
85980,シリコンパワー SP Silicon PowerデスクトップPC用 メモリ DDR4 3200 PC4-25600 32GB x 2枚 (64GB) 288Pin 1.2V CL22 SP064GBLFU320X22
42988,Ripjaws Vシリーズ 64GB (2 x 32GB) DDR4 PC4-32000 4000MHz Intel XMP 2.0 デスクトップメモリモデル F4-4000C18D-64GVK
91499,Patriot Memory Viper Elite II DDR4 3600MHz 64GB (32GB x 2枚) デスクトップ用メモリ - PVE2464G360C0K
87980,【メモリ DDR4】GIGASTONE 16GBx4枚 (64GB Kit) DDR4 2666MHz (2400MHz or 2133MHz) PC4-21300 (PC4-19200/17000) CL19 1.2V UDIMM 288 ピン アンバッファー 非 ECC PC デスクトップ専用 メモリモジュール アップグレード
91499,Patriot Memory Viper Elite II DDR4 3600MHz 64GB (32GB x 2枚) デスクトップ用メモリ - PVE2464G360C0K
35790,Simmtec RAM 64GB (4x16GB) DDR4 2666MHz DIMM PC4-21300 UDIMM Non-ECC CL19 1.2V 288ピン デスクトップ コンピュータ RAM メモリ アップグレードキット
92399,Patriot Memory パトリオットメモリ Viper Steel RGB DDR4 3200MHz PC4-25600 64GB (32GBx2枚) デュアルキット デスクトップ用メモリ PVSR464G320C8K
79800,WINTEN デスクトップPC用メモリ DDR4-2666 64GB（32GB×2枚） 288Pin CL22 1.2V DIMM SDRAM 内蔵メモリー 増設メモリー【5年保証・相性保証】WT-LD2666-D64GB
87980,シリコンパワー SP Silicon PowerデスクトップPC用 メモリ DDR4 3200 PC4-25600 32GB x 2枚 (64GB) 288Pin 1.2V CL22 SP064GBLFU320F22
82800,シリコンパワー ノートPC用メモリ DDR4-3200 (PC4-25600) 32GB×2枚 (64GB) 260Pin 1.2V CL22 SP064GBSFU320F22
85090,WINTEN ノートPC用メモリ DDR4-3200 64GB（32GB×2枚） 260Pin CL22 1.2V SODIMM SDRAM 内蔵メモリー 増設メモリー【5年保証・相性保証】WT-SD3200-D64GB
79900,WINTEN ノートPC用メモリ DDR4-2666 64GB（32GB×2枚） 260Pin CL19 1.2V SODIMM SDRAM 内蔵メモリー 増設メモリー【5年保証・相性保証】WT-SD2666-D64GB
69400,Crucialバンドル 64GB (2 x 32GB) DDR4 PC4-21300 2666MHz RDIMM (2 x CT32G4RFD4266)、デュアルランク登録ECCメモリ。
32426,"HPE 64GB (1x64GB) クアッドランク x4 DDR4-2666 CAS-19-19 負荷軽減スマートメモリキット (815101-B21, 850882-01, 840759-091)"
82000,CrucialPRO (マイクロン製) デスクトップ用メモリ 32GBX2枚 DDR4-3200 メーカー制限付無期限保証 CP2K32G4DFRA32A【国内正規代理店品】
27109,Supermicro MEM-DR464L-SL03-LR26 64GB DDR4 2666 LRDIMM サーバーメモリー RAM
87980,【メモリ DDR4】GIGASTONE 16GBx4枚 (64GB Kit) DDR4 2666MHz (2400MHz or 2133MHz) PC4-21300 (PC4-19200/17000) CL19 1.2V UDIMM 288 ピン アンバッファー 非 ECC PC デスクトップ専用 メモリモジュール アップグレード
76330,SK hynix 64GB/4Gx4 DDR4 2666MHz ECC/REG 負荷軽減 CL 19 サーバーメモリ HMAA8GL7AMR4N-VK
87141,A-Tech 64GB (2x32GB) DDR4 2666MHz DIMM PC4-21300 UDIMM Non-ECC CL19 2Rx8 1.2V 288ピン デスクトップコンピュータ PC RAM メモリアップグレードキット
112478,TEAMGROUP Elite DDR4 64GB キット (2 x 32GB) 3200MHz (PC4-25600) CL22 アンバッファード 非ECC 1.2V UDIMM 288ピン PC コンピューター デスクトップ メモリモジュール RAMアップグレード - TED464G3200C22DC01
15970,1 ピース パーツ アクセサリー MT 64GB DDR4 サーバー RAM メモリ 2400Mhz PC4-19200 288PIN 4DRx4 RECC メモリ RAM 1.2V REG ECC RAM に適合
100072,F4-3200C16D-64GVK [Ripjaws V 64GB (32GBx2) DDR4 3200Mhz (PC4-25600) CL16-18-18-38 1.35V Black]
61251,G.Skill Trident Z Royal Eliteシリーズ [シルバー] 64GB (4 x 16GB) 288ピン SDRAM DDR4 3600 (PC4-28800) CL16-19-19-39 1.35V クアッドチャンネル デスクトップメモリモデル F4-3600C16Q-64GTESC
100980,【メモリ ノートパソコン専用 DDR4】GIGASTONE 32GBx2枚 (64GB Kit) DDR4 3200MHz (2933MHz or 2666MHz) PC4-25600 (PC4-23400/21300) CL22 1.2V SODIMM 260 ピン アンバッファード 非 ECC ノートパソコン用メモリモジュールアップグレード
