Price,Title
166266,Kingston (キングストン) FURY Renegade Pro XMP 128GB 5600MT/s DDR5 ECC Reg CL36 DIMM メモリ オーバークロック可能 ECC登録済み DIMMキット 8枚 - KF556R36RBK8-128
275843,G.SKILL Trident Z5 Neo RGBシリーズ DDR5 RAM (AMD Expo & Intel XMP 3.0) 128GB (2x64GB) 6000MT/s CL36-44-44-96 1.25V デスクトップコンピュータメモリ U-DIMM - マットブラック (F5-6000J3644D64GX2-TZ5NR)
278000,TEAMGROUP (旧称 Team) DDR5 6400MHz PC5-44800 128GB (64GBx2枚) CL42 T-CREATE EXPERT Black デスクトップ用メモリ ハイスピードタイプ 正規品 日本国内無期限正規保証 CTCED5128G6400HC42CDC01
318023,G.SKILL Trident Z5 Neo RGBシリーズ DDR5 RAM (AMD Expo & Intel XMP 3.0) 128GB (2x64GB) 6000MT/s CL34-44-96 1.35V デスクトップコンピュータメモリ U-DIMM - マットブラック (F5-6000J3444F64GX2-TZ5NR)
277999,Crucial 128GB Kit 2x64GB DDR5-6400 CUDIMM CL52 1個 CT2K64G64C52CU5
296448,G.SKILL Ripjaws S5シリーズ DDR5 RAM (Intel XMP 3.0) 128GB (2x64GB) 6000MT/s CL34-44-96 1.35V デスクトップコンピュータメモリ U-DIMM - マットブラック (F5-6000J3444F64GX2-RS5K)
275773,G.SKILL Flare X5シリーズ DDR5 RAM (AMD Expo & Intel XMP 3.0) 128GB (2x64GB) 6000MT/s CL34-44-96 1.35V デスクトップコンピュータメモリ U-DIMM - マットブラック (F5-6000J3444F64GX2-FX5)
296715,G.SKILL Trident Z5 RGBシリーズ (Intel XMP 3.0) DDR5 RAM 128GB (2X 64GB) 6000MT/s CL36-44-44-102 1.35V デスクトップコンピュータメモリ U-DIMM - マットブラック (F5-6400J3644F64GX2-TZ5RK)
282777,G.SKILL Ripjaws S5シリーズ DDR5 RAM (Intel XMP 3.0) 128GB (2x64GB) 6400MT/s CL36-44-44-102 1.35V デスクトップコンピュータメモリ U-DIMM - マットブラック (F5-6400J3644F64GX2-RS5K)
324302,G.SKILL Flare X5シリーズ DDR5 RAM (AMD Expo) 128GB (2x64GB) 6000MT/s CL32-44-44-96 1.40V デスクトップコンピュータメモリ U-DIMM - マットブラック (F5-6000J3244G64GX2-FX5)
329980,【メモリ DDR5】GIGASTONE 32GBx4枚 (128GB Kit) DDR5 5600MHz PC5-44800 CL 46-46-46-90 1.1V UDIMM 288 ピン アンバッファード 非 ECC PC デスクトップ専用 高性能 メモリモジュールアップグレード
324548,G.SKILL Flare X5シリーズ DDR5 RAM (AMD Expo & Intel XMP 3.0) 128GB (2x64GB) 6000MT/s CL36-44-44-96 1.25V デスクトップコンピュータメモリ U-DIMM - マットブラック (F5-6000J3644D64GX2-FX5)
278000,TEAMGROUP (旧称 Team) DDR5 6400MHz PC5-44800 128GB (64GBx2枚) CL42 T-CREATE EXPERT White デスクトップ用メモリ ハイスピードタイプ 正規品 日本国内無期限正規保証 CTCWD5128G6400HC42CDC01
329980,【メモリ DDR5】GIGASTONE 32GBx4枚 (128GB Kit) DDR5 5600MHz PC5-44800 CL46-46-46-90 1.V SODIMM 262 ピン アンバッファード 非 ECC ノートパソコン用 高性能 メモリモジュールアップグレード
329980,【メモリ DDR5】GIGASTONE 32GBx4枚 (128GB Kit) DDR5 4800MHz PC5-38400 CL 40-40-40-77 1.1V UDIMM 288 ピン アンバッファード 非 ECC PC デスクトップ専用 高性能 メモリモジュールアップグレード
322069,CORSAIR DDR5-6000MHz デスクトップPC用メモリ VENGEANCE RGB DDR5シリーズ CL40 Intel XMP 3.0 メモリキット128GB ブラック [64GB×2枚] CMH128GX5M2D6000C40
