Price,Title
139599,Patriot Viper Xtreme 5 DDR5 RAM 48GB (2X24GB) 8200MT/s CL38 UDIMM Desktop Gaming Memory Kit - PVX548G82C38K
90000,CORSAIR DDR5-8000MHz デスクトップPC用メモリ VENGEANCE RGB CUDIMM DDR5シリーズ Intel XMPメモリキット 48GB ブラック [24GB×2枚] CMHC48GX5M2X8000C38
91198,v-color Hynix IC デスクトップPC用 ゲーミングメモリ Manta XPrism RGB (発光型) DDR5-7200MHz PC5-57600 48GB(24GB×2枚) U-DIMM 1.4V CL34 (Intel XMP専用) ヒートシンク付き TMXPL2472834SWK
81600,Crucial RAM 48GB DDR5 5600MT/s (または5200MT/s or 4800MT/s) ノートパソコンメモリ CT48G56C46S5 ブラック
113442,G.SKILL Trident Z5 RGBシリーズ DDR5 RAM (Intel XMP 3.0) 48GB (2x24GB) 8000MT/s CL40-48-48-128 1.35V デスクトップコンピュータメモリ U-DIMM - マットホワイト (F5-8000J4048F24GX2-TZ5RW)
117800,CORSAIR DDR5-8400MHz デスクトップPC用メモリ VENGEANCE RGB CUDIMM DDR5シリーズ Intel XMPメモリキット 48GB ブラック [24GB×2枚] CMHC48GX5M2X8400C40
130000,CORSAIR DDR5-7000MHz デスクトップPC用メモリ DOMINATOR TITANIUM DDR5シリーズ (PC5-56000) Intel XMPメモリキット 48GB ブラック [24GB×2枚] CL36 CMP48GX5M2B7000C36
107166,G.SKILL Trident Z5 RGBシリーズ (Intel XMP 3.0) DDR5 RAM 48GB (2x24GB) 7200MT/s CL36-46-46-115 1.35V デスクトップコンピュータメモリ UDIMM - マットブラック (F5-7200J3646F24GX2-TZ5RW)
101800,TEAMGROUP (旧称 Team) T-CREATE EXPERT DDR5 6400MHz 48GB (24GBx2枚) CL32 PC5-51200 デスクトップ用 メモリ ホワイト Intel XMP3.0 / AMD EXPO 両対応【TEAMジャパン 国内正規品・メーカー無期限保証】CTCWD548G6400HC32ADC01
119781,G.SKILL Trident Z5 Neo RGBシリーズ DDR5 RAM (AMD Expo) 48GB (2x24GB) 6400MT/s CL32-39-39-102 1.35V デスクトップコンピュータメモリ U-DIMM - マットブラック (F5-6400J3239F24GX2-TZ5NR)
100469,G.SKILL Trident Z5 ロイヤルシリーズ (Intel XMP 3.0) DDR5 RAM 48GB (2x 24GB) 7600MT/s CL38-48-48-121 1.35V デスクトップコンピュータメモリ U-DIMM - シルバー (F5-7600J3848F24GX2-TR5S)
110666,G.SKILL Trident Z5 ロイヤルシリーズ (Intel XMP 3.0) DDR5 RAM 48GB (2x24GB) 8400MT/s CL40-52-52-134 1.40V デスクトップコンピュータメモリ UDIMM - シルバー (F5-8400J4052G24GX2-TR5S)
147424,G.SKILL Trident Z5 Neo RGBシリーズ DDR5 RAM (AMD Expo) 48GB (2x24GB) 6000MT/s CL26-36-36-96 1.45V デスクトップコンピュータメモリ U-DIMM - マットブラック (F5-6000J2636H24GX2-TZ5NR)
128831,G.SKILL Trident Z5 Royal Neoシリーズ (AMD Expo) DDR5 RAM 48GB (2x24GB) 8000MT/s CL40-48-48-128 1.40V デスクトップコンピュータメモリ UDIMM - シルバー (F5-8000J4048G24GX2-TR5NS)
171943,CORSAIR DDR5-8000MHz デスクトップPC用メモリ VENGEANCE CUDIMM DDR5シリーズ Intel XMPメモリキット 48GB ブラック [24GB×2枚] CMKC48GX5M2X8000C38
99982,G.SKILL Trident Z5 RGBシリーズ (Intel XMP 3.0) DDR5 RAM 48GB (2x24GB) 8400MT/s CL40-52-52-134 1.40V デスクトップコンピュータメモリ UDIMM - マットホワイト (F5-8400J4052G24GX2-TZ5RW)
88075,Patriot Signature Premium DDR5 RAM 48GB (2X24GB) 5600MHz CL46 UDIMM W/HS デスクトップメモリキット - PSP548G56002H1
122176,G.SKILL Trident Z5 RGBシリーズ (Intel XMP 3.0) DDR5 RAM 48GB (2x24GB) 8200MT/s CL40-52-52-131 1.35V デスクトップコンピュータメモリ UDIMM - マットブラック (F5-8200J4052F24GX2-TZ5RK)
122505,G.SKILL Trident Z5 CKシリーズ DDR5 RAM (Intel XMP 3.0) 48GB (2x24GB) 9000MT/s CL42-56-56-144 1.45V デスクトップコンピュータメモリ CU-DIMM - ミラーブラック (F5-9000C4256H24GX2-TZ5CK)
139599,Patriot Viper Xtreme 5 DDR5 RAM 48GB (2X24GB) 8200MT/s CL38 UDIMM Desktop Gaming Memory Kit - PVX548G82C38K
105255,G.SKILL Flare X5シリーズ DDR5 RAM (AMD Expo) 48GB (2x24GB) 5200MT/s CL40-40-40-83 1.10V デスクトップコンピュータメモリ U-DIMM - マットブラック (F5-5200J4040A24GX2-FX5)
148453,G.SKILL Trident Z5 CK RGBシリーズ DDR5 RAM (Intel XMP 3.0) 48GB (2x24GB) 8800MT/s CL42-55-55-140 1.45V デスクトップコンピュータメモリ CU-DIMM - ミラーブラック (F5-8800C4255H24GX2-TZ5CRK)
147340,G.SKILL Trident Z5 CK RGBシリーズ DDR5 RAM (Intel XMP 3.0) 48GB (2x24GB) 8400MT/s CL40-52-52-134 1.40V デスクトップコンピュータメモリ CU-DIMM - ミラーブラック (F5-8400C4052G24GX2-TZ5CRK)
171472,CORSAIR DDR5-8400MHz デスクトップPC用メモリ VENGEANCE CUDIMM DDR5シリーズ Intel XMPメモリキット 48GB ブラック [24GB×2枚] CMKC48GX5M2X8400C40
